"Country","Year","Debt","GDP1","GDP2","RGDP1","RGDP2","GDPI","Infl","RGDP","GDPalt","dRGDP","debtgdp","GDP3","GNI","GDPI1","GDPI2","lRGDP","lRGDP1","lRGDP2"
"Australia",1946,5588.8,2935,NA,49290.528,NA,NA,3.79658,NA,NA,-0.0355795148247978,190.419080068143,NA,NA,NA,NA,NA,51108.96,NA
"Australia",1947,5534.2,3121,NA,50502.816,NA,NA,6.80795,NA,NA,0.0245947456679709,177.321371355335,NA,NA,NA,NA,NA,49290.528,NA
"Australia",1948,5580.4,3747,NA,53753.952,NA,NA,10.0884,NA,NA,0.0643753409710857,148.929810515079,NA,NA,NA,NA,NA,50502.816,NA
"Australia",1949,5656,4324,4495,57308.16,NA,NA,7.45671,NA,NA,0.0661199384930806,125.828698553949,NA,NA,NA,NA,NA,53753.952,NA
"Australia",1950,5818.8,5099,5299,61274,NA,NA,7.85522,NA,NA,0.0692020124184758,109.809397999623,NA,NA,NA,NA,NA,57308.16,NA
"Australia",1951,6121,6773,7028,63892,NA,NA,21.87614,NA,NA,0.0427261154812808,87.0944792259533,NA,NA,NA,NA,NA,61274,NA
"Australia",1952,6529,7267,7586,64470,NA,NA,17.81089,NA,NA,0.00904651599574291,86.0664381755866,NA,NA,NA,NA,NA,63892,NA
"Australia",1953,6863.6,8244,8594,66481,NA,NA,7.84995,NA,NA,0.0311928028540407,79.8650221084478,NA,NA,NA,NA,NA,64470,NA
"Australia",1954,7213.6,9013,9387,70614,NA,NA,3.1951,NA,NA,0.0621681382650683,76.8467028869713,NA,NA,NA,NA,NA,66481,NA
"Australia",1955,7498.8,9603,10001,74471,NA,NA,9.82028,NA,NA,0.0546208967060355,74.980501949805,NA,NA,NA,NA,NA,70614,NA
"Australia",1956,7777.2,10405,10829,77034,NA,NA,6.04072,NA,NA,0.0344160814276697,71.8182657678456,NA,NA,NA,NA,NA,74471,NA
"Australia",1957,7982.6,11332,11787,78577,NA,NA,-0.07095,NA,NA,0.0200301165719032,67.7237634682277,NA,NA,NA,NA,NA,77034,NA
"Australia",1958,7965.6,11588,12060,82351,NA,NA,0.09941,NA,NA,0.0480293215571987,66.0497512437811,NA,NA,NA,NA,NA,78577,NA
"Australia",1959,8081.8,12448,12954,87421,NA,NA,2.01444,NA,NA,0.0615657369066556,62.3884514435696,NA,NA,NA,NA,NA,82351,NA
"Australia",1960,8196.4,13718,16957,91085,NA,NA,1.74454,NA,NA,0.0419121263769575,48.3363802559415,NA,NA,NA,NA,NA,87421,NA
"Australia",1961,8424.4,14591,17061,91713,NA,NA,2.3996,NA,NA,0.00689465883515394,49.3781138268566,NA,NA,NA,NA,NA,91085,NA
"Australia",1962,9130,14928,18140,97444,NA,NA,0.39326,NA,NA,0.0624884149466269,50.3307607497244,NA,NA,NA,NA,NA,91713,NA
"Australia",1963,9419,16089,19793,103413,NA,NA,-0.37585,NA,NA,0.0612556955789991,47.5875309452837,NA,NA,NA,NA,NA,97444,NA
"Australia",1964,9763,17834,21690,110488,NA,NA,3.23888,NA,NA,0.0684149961803642,45.0115260488705,NA,NA,NA,NA,NA,103413,NA
"Australia",1965,10224,NA,23375,116131,NA,NA,3.38116,NA,NA,0.0510734197378901,43.7390374331551,NA,NA,NA,NA,NA,110488,NA
"Australia",1966,10639,NA,25044,119363,NA,NA,34.85693,NA,NA,0.0278306395363856,42.4812330298674,NA,NA,NA,NA,NA,116131,NA
"Australia",1967,11209,NA,27653,127422,NA,NA,2.82551,NA,NA,0.0675167346665215,40.5344808881496,NA,NA,NA,NA,NA,119363,NA
"Australia",1968,11917,NA,30174,134913,NA,NA,-2.13475,NA,NA,0.0587889061543532,39.494266587128,NA,NA,NA,NA,NA,127422,NA
"Australia",1969,12513,NA,34002,143118,NA,NA,1.30455,NA,NA,0.060816970936826,36.8007764249162,NA,NA,NA,NA,NA,134913,NA
"Australia",1970,13204,NA,37765,152220,NA,NA,3.03783,NA,NA,0.0635978702888527,34.9635906262412,NA,NA,NA,NA,NA,143118,NA
"Australia",1971,13492,NA,41784,158992,NA,NA,5.32897,NA,NA,0.044488240704244,32.289871721233,NA,NA,NA,NA,NA,152220,NA
"Australia",1972,14034,NA,45681,163453,NA,NA,4.79326,NA,NA,0.0280580154976351,30.7217442700466,NA,NA,NA,NA,NA,158992,NA
"Australia",1973,14744,NA,53886,172314,NA,NA,1.75412,NA,NA,0.0542113023315571,27.3614668002821,NA,NA,NA,NA,NA,163453,NA
"Australia",1974,14376,NA,64275,176586,NA,NA,11.47799,NA,NA,0.0247919495804172,22.3663943990665,NA,NA,NA,NA,NA,172314,NA
"Australia",1975,17769,NA,75175,181367,NA,NA,24.79785,NA,NA,0.0270746265275843,23.6368473561689,NA,NA,NA,NA,NA,176586,NA
"Australia",1976,20338,NA,88494,188678,NA,NA,3.99028,NA,NA,0.0403105305816382,22.9823490858137,NA,NA,NA,NA,NA,181367,NA
"Australia",1977,23290,NA,98524,190653,NA,NA,17.36485,NA,NA,0.0104675690859559,23.6389103162681,NA,NA,NA,NA,NA,188678,NA
"Australia",1978,26922,NA,108851,196184,NA,NA,9.41742,NA,NA,0.0290108207056801,24.7328917511093,NA,NA,NA,NA,NA,190653,NA
"Australia",1979,26007.59,NA,124604,206515,NA,NA,10.49647,NA,NA,0.0526597479916813,20.8721951141215,NA,NA,NA,NA,NA,196184,NA
"Australia",1980,26855,NA,140425,210642,443578,31.65734,10.186,NA,NA,0.0199840205311963,19.1240875912409,NA,NA,NA,NA,NA,206515,NA
"Australia",1981,26052,NA,161045,218780,462012,34.85732,9.614,NA,NA,0.0415575163781792,16.1768449812164,NA,NA,NA,NA,NA,210642,443578
"Australia",1982,27145,NA,180442,218512,461967,39.0595,11.229,NA,NA,-9.7400067530673e-05,15.043615122865,NA,NA,NA,NA,NA,218780,462012
"Australia",1983,34279,NA,194992,218539,459537,42.43227,10.052,NA,NA,-0.00526011598231046,17.5796955772545,NA,NA,NA,NA,NA,218512,461967
"Australia",1984,44128,NA,219948,233618,489014,44.97785,3.937,NA,NA,0.0641449981176707,20.062923963846,NA,NA,NA,NA,NA,218539,459537
"Australia",1985,52416,NA,244660,245444,516967,47.32604,6.742,NA,NA,0.0571619626431963,21.4240170031881,NA,NA,NA,NA,NA,233618,489014
"Australia",1986,56993,NA,265186,250539,527878,50.23623,9.084,NA,NA,0.0211057959212098,21.4917077070434,NA,NA,NA,NA,NA,245444,516967
"Australia",1987,59775,NA,298966,262925,551085,54.25043,8.491,NA,NA,0.0439628095885791,19.9939123512373,NA,NA,NA,NA,NA,250539,527878
"Australia",1988,55415,NA,340103,274737,573296,59.32415,7.256,NA,NA,0.0403041273124836,16.2935934114077,NA,NA,NA,NA,NA,262925,551085
"Australia",1989,47704,NA,381683,286820,599524,63.66434,7.548,NA,NA,0.0457494906645084,12.4983297658004,NA,NA,NA,NA,NA,274737,573296
"Australia",1990,42014,NA,406671,291180,609143,66.76117,7.278,NA,NA,0.0160443952202081,10.3312013888377,NA,NA,NA,NA,NA,286820,599524
"Australia",1991,38198,NA,410364,291916.47288,601528,68.22027,3.223,NA,NA,-0.0125011696760859,9.30832139271476,NA,NA,NA,NA,NA,291180,609143
"Australia",1992,46281,NA,425936,302570.73938,614234,69.34426,0.986,NA,NA,0.0211228737481879,10.8657169152173,NA,NA,NA,NA,NA,291916.47288,601528
"Australia",1993,61871,NA,447855,314360.36039,638172,70.17779,1.813,NA,NA,0.0389721181178508,13.8149624320372,NA,NA,NA,NA,NA,302570.73938,614234
"Australia",1994,75526,NA,474455,327595.43299,670167,70.79653,1.895,NA,NA,0.0501353866982568,15.9184748817064,NA,NA,NA,NA,NA,314360.36039,638172
"Australia",1995,92041,NA,500673,341575.19583,693548,72.1901,4.638,NA,NA,0.0348883188817115,18.3834558684011,NA,NA,NA,NA,NA,327595.43299,670167
"Australia",1996,94711.9,NA,532828,354521.17812,723243,73.67206,2.612,NA,NA,0.0428160704089695,17.775323368892,NA,NA,NA,NA,NA,341575.19583,693548
"Australia",1997,97830.275,NA,561845,370332.91725,752151,74.69843,0.25,NA,NA,0.0399699685997652,17.4123245735034,NA,NA,NA,NA,NA,354521.17812,723243
"Australia",1998,86447.954,NA,592672,390635,790145,75.008,0.853,NA,NA,0.0505137931080328,14.5861376950489,NA,NA,NA,NA,NA,370332.91725,752151
"Australia",1999,82327,NA,622932,406196,824925,75.51377,1.465,NA,NA,0.0440172373425132,13.2160492638041,NA,NA,NA,NA,NA,390635,790145
"Australia",2000,74370.11595,NA,669638,414058,853188,78.48657,4.475,NA,NA,0.0342612964814983,11.1060178708496,NA,NA,NA,NA,NA,406196,824925
"Australia",2001,65712.40985,NA,711190,429694,871014,81.65081,4.381,NA,NA,0.0208934021575549,9.23978259677442,NA,NA,NA,NA,NA,414058,853188
"Australia",2002,62461.83434,NA,759158,443202,908009,83.60688,3.003,NA,NA,0.0424734849267636,8.22777792501693,NA,NA,NA,NA,NA,429694,871014
"Australia",2003,56924.98534,NA,809590,461200,934940,86.59272,2.771,NA,NA,0.0296593976491422,7.0313350387233,NA,NA,NA,NA,NA,443202,908009
"Australia",2004,54538.1137,NA,869639,472265,970863,89.57381,2.344,NA,NA,0.0384227864889726,6.27135095137178,NA,NA,NA,NA,NA,461200,934940
"Australia",2005,55014.02318,NA,933705,486853,997651,93.59034,2.669,NA,NA,0.0275919465465262,5.89201334254395,NA,NA,NA,NA,NA,472265,970863
"Australia",2006,54058.32076,NA,1002460,498771,1025988,97.7068,3.538,NA,NA,0.0284037203390766,5.39256636274764,NA,NA,NA,NA,NA,486853,997651
"Australia",2007,53252.85866,NA,1085590,NA,1067528,101.69195,2.332,NA,NA,0.0404878029762532,4.90543010344605,NA,NA,NA,NA,NA,498771,1025988
"Australia",2008,55431.55837,NA,1184970,NA,1092660,108.44819,4.353,NA,NA,0.0235422396414895,4.67788706633923,NA,NA,NA,NA,NA,NA,1067528
"Australia",2009,101136.25205,NA,1201390,NA,1100661,109.15168,1.629,NA,NA,0.00732249739168633,8.41826984160015,NA,NA,NA,NA,NA,NA,1092660
"Belgium",1947,6400.611,6488.724,NA,9759.466,NA,NA,NA,NA,261754.465,0.152163021098959,98.6420596715163,NA,NA,NA,NA,NA,8470.56,NA
"Belgium",1948,6095.702,8210.749,NA,10876.003,NA,NA,NA,NA,331220.797,0.114405542270448,74.2405108230686,NA,NA,NA,NA,NA,9759.466,NA
"Belgium",1949,6256.833,7995.537,NA,10733.894,NA,NA,NA,NA,322539.181,-0.0130662891505271,78.254068488458,NA,NA,NA,NA,NA,10876.003,NA
"Belgium",1950,6165.112,8367.089,NA,11339.427,NA,NA,NA,NA,337527.546,0.0564131712126092,73.6828782387758,NA,NA,NA,NA,NA,10733.894,NA
"Belgium",1951,6308.89,9785.523,NA,12136.936,NA,NA,NA,NA,394747.035,0.0703306260536798,64.4716690155447,NA,NA,NA,NA,NA,11339.427,NA
"Belgium",1952,6603.883,9967.544,NA,12084.805,NA,NA,NA,NA,402089.746,-0.00429523563443024,66.2538635395038,NA,NA,NA,NA,NA,12136.936,NA
"Belgium",1953,6998.034,10222.063,NA,12439.02,NA,NA,NA,NA,412357,0.0293107749773374,68.4600946012561,NA,NA,NA,NA,NA,12084.805,NA
"Belgium",1954,7392.185,10581.213,NA,12281.203,NA,NA,NA,NA,426845.076,-0.0126872534974621,69.861413809551,NA,NA,NA,NA,NA,12439.02,NA
"Belgium",1955,7724.362,11256.01,NA,12913.625,NA,NA,NA,NA,454066.336,0.051495118189969,68.624334910861,NA,NA,NA,NA,NA,12281.203,NA
"Belgium",1956,7878.056,11956.38,NA,13227.705,NA,NA,NA,NA,482319.157,0.0243215983118605,65.8899767320878,NA,NA,NA,NA,NA,12913.625,NA
"Belgium",1957,8021.834,12765.834,NA,13630.639,NA,NA,NA,NA,514972.449,0.0304613687710755,62.8383073130984,NA,NA,NA,NA,NA,13227.705,NA
"Belgium",1958,8569.679,12758.461,NA,13426.915,NA,NA,NA,NA,514675.04,-0.0149460344449001,67.1685950209826,NA,NA,NA,NA,NA,13630.639,NA
"Belgium",1959,9258.823,13174.153,NA,13774.326,NA,NA,NA,NA,531443.999,0.0258742235278915,70.2802145989955,NA,NA,NA,NA,NA,13426.915,NA
"Belgium",1960,9819.063,14093.838,NA,14659.762,NA,NA,NA,NA,568543.998,0.0642816207486305,69.6691915999035,NA,NA,NA,NA,NA,13774.326,NA
"Belgium",1961,10188.424,14988.436,NA,15387.412,NA,NA,NA,NA,604632,0.0496358672125783,67.975231038115,NA,NA,NA,NA,NA,14659.762,NA
"Belgium",1962,10490.854,15977.159,NA,16095.381,NA,NA,NA,NA,644517,0.046009621371027,65.6615735000196,NA,NA,NA,NA,NA,15387.412,NA
"Belgium",1963,11056.051,17315.635,NA,17090.82,NA,NA,NA,NA,698511,0.0618462526609342,63.8501042554893,NA,NA,NA,NA,NA,16095.381,NA
"Belgium",1964,11455.16,19294.941,NA,18312.992,NA,NA,NA,NA,778356,0.0715104365969566,59.3687226097245,NA,NA,NA,NA,NA,17090.82,NA
"Belgium",1965,12121.993,21009.125,NA,18943.412,NA,NA,NA,NA,847506,0.0344247406431457,57.6987047294925,NA,NA,NA,NA,NA,18312.992,NA
"Belgium",1966,12578.117,22731.836,NA,19655.433,NA,NA,NA,NA,917000,0.0375867346389342,55.3326048982581,NA,NA,NA,NA,NA,18943.412,NA
"Belgium",1967,13111.089,24245.325,NA,20312.929,NA,NA,NA,NA,978054,0.0334511073859325,54.07677150131,NA,NA,NA,NA,NA,19655.433,NA
"Belgium",1968,14137.368,25800.932,NA,21370.012,NA,NA,NA,NA,1040807,0.0520399101478668,54.7940206191001,NA,NA,NA,NA,NA,20312.929,NA
"Belgium",1969,14833.949,28407.805,NA,22978.986,NA,NA,NA,NA,1145968,0.0752912071364304,52.2178640693992,NA,NA,NA,NA,NA,21370.012,NA
"Belgium",1970,15414,31894.625,NA,24148.887,NA,NA,NA,NA,1286626,0.0509117765248648,48.3278922388961,NA,NA,NA,NA,NA,22978.986,NA
"Belgium",1971,15981.7,35137.618,NA,25334.539,NA,NA,NA,NA,1417448,0.0490975836691772,45.4831628028969,NA,NA,NA,NA,NA,24148.887,NA
"Belgium",1972,17640.1,39366.607,NA,26937.594,NA,NA,NA,NA,1588045,0.0632754754290181,44.8098054272241,NA,NA,NA,NA,NA,25334.539,NA
"Belgium",1973,18956.4,44951.4,NA,28931.541,NA,NA,NA,NA,1813335,0.0740209760381718,42.1708778814453,NA,NA,NA,NA,NA,26937.594,NA
"Belgium",1974,20361.9,52638.306,NA,29836.72,NA,NA,NA,NA,2123424,0.0312869266106497,38.6826658137517,NA,NA,NA,NA,NA,28931.541,NA
"Belgium",1975,23024.3,58092.583,NA,28972.439,NA,NA,NA,NA,2343449,-0.0289670245254842,39.6338031655435,NA,NA,NA,NA,NA,29836.72,NA
"Belgium",1976,26244.5,66637.076,NA,30628.232,NA,NA,NA,NA,2688133,0.0571506251165117,39.3842310848093,NA,NA,NA,NA,NA,28972.439,NA
"Belgium",1977,30458.7,72161.557,NA,30970.235,NA,NA,NA,NA,2910990,0.0111662664694456,42.2090393642698,NA,NA,NA,NA,NA,30628.232,NA
"Belgium",1978,35371.9,77681.873,NA,31924.849,NA,NA,NA,NA,3133679,0.030823595623346,45.5343037364714,NA,NA,NA,NA,NA,30970.235,NA
"Belgium",1979,40628,82521.746,NA,32864.478,NA,NA,NA,NA,3328919,0.0294325276213523,49.233083362051,NA,NA,NA,NA,NA,31924.849,NA
"Belgium",1980,48508,89566.335,87805,34181.634,184848,NA,NA,NA,3613097,0.0400784092782485,55.2451454928535,NA,NA,NA,NA,NA,32864.478,NA
"Belgium",1981,60465,92835.852,92452,33615.727,185118,NA,NA,NA,3744989,0.00146065956894303,65.4015056461731,NA,NA,NA,NA,NA,34181.634,184848
"Belgium",1982,76475,101596.112,100037,34451.062,186193,NA,NA,NA,4098377,0.00580710681835361,76.4467147155552,NA,NA,NA,NA,NA,33615.727,185118
"Belgium",1983,92116,107730.981,106062,34367.947,186933,NA,NA,NA,4345857,0.00397437067988582,86.8510870999981,NA,NA,NA,NA,NA,34451.062,186193
"Belgium",1984,105723,115331.52,114226,34761.91,190862,NA,NA,NA,4652462,0.0210182257814298,92.555985502425,NA,NA,NA,NA,NA,34367.947,186933
"Belgium",1985,121829,124175.543,121669,35497.416,194388,NA,NA,NA,5009229,0.0184740807494419,100.131504327314,NA,NA,NA,NA,NA,34761.91,190862
"Belgium",1986,134316,131478.561,127385,36236.226,197991,NA,NA,NA,5303832,0.0185350947589358,105.440985987361,NA,NA,NA,NA,NA,35497.416,194388
"Belgium",1987,145576,136923.294,132626,36989.439,202690,NA,NA,NA,5523472,0.0237334020233242,109.764299609428,NA,NA,NA,NA,NA,36236.226,197991
"Belgium",1988,157716,145275.794,141707,38729.735,211944,NA,NA,NA,5860411,0.0456559277714736,111.297254193512,NA,NA,NA,NA,NA,36989.439,202690
"Belgium",1989,168275,157361.173,153888,40138.272,219612,NA,NA,NA,6347934,0.0361793681349791,109.349007070077,NA,NA,NA,NA,NA,38729.735,211944
"Belgium",1990,179094,167596.598,163065,41517.642,226398,NA,NA,NA,6760830,0.0308999508223595,109.829822463435,NA,NA,NA,NA,NA,40138.272,219612
"Belgium",1991,192141,NA,170762,NA,230474,NA,NA,NA,NA,0.0180036926121256,112.519764350382,NA,NA,NA,NA,NA,41517.642,226398
"Belgium",1992,205472,NA,178959,NA,233543,NA,NA,NA,NA,0.0133160356482727,114.815125252153,NA,NA,NA,NA,NA,NA,230474
"Belgium",1993,224914,NA,184822,NA,231926,NA,NA,NA,NA,-0.00692377849047066,121.692222787331,NA,NA,NA,NA,NA,NA,233543
"Belgium",1994,231429,NA,194896,NA,239560,NA,NA,NA,NA,0.0329156713779395,118.74486905837,NA,NA,NA,NA,NA,NA,231926
"Belgium",1995,236230,NA,201859,NA,249807,NA,NA,NA,NA,0.042774252796794,117.027231879678,NA,NA,NA,NA,NA,NA,239560
"Belgium",1996,238122,NA,211026,NA,252031,NA,NA,NA,NA,0.00890287301796988,112.840123965767,NA,NA,NA,NA,NA,NA,249807
"Belgium",1997,243081,NA,221203,NA,261324,NA,NA,NA,NA,0.0368724482305749,109.890462606746,NA,NA,NA,NA,NA,NA,252031
"Belgium",1998,241903,NA,229636,NA,265845,NA,NA,NA,NA,0.0173003627680581,105.341932449616,NA,NA,NA,NA,NA,NA,261324
"Belgium",1999,246755,NA,238088,NA,274830,NA,NA,NA,NA,0.0337978897477853,103.64025066362,NA,NA,NA,NA,NA,NA,265845
"Belgium",2000,251061,NA,251754,NA,285262,NA,NA,NA,NA,0.037958010406433,99.7247312853023,NA,NA,NA,NA,NA,NA,274830
"Belgium",2001,257164,NA,258893,NA,287445,NA,NA,NA,NA,0.00765261408810147,99.3321565279865,NA,NA,NA,NA,NA,NA,285262
"Belgium",2002,262753,NA,267606,NA,291742,NA,NA,NA,NA,0.0149489467550314,98.1865130079296,NA,NA,NA,NA,NA,NA,287445
"Belgium",2003,263019,NA,274738,NA,294698,NA,NA,NA,NA,0.0101322401299779,95.7344815788133,NA,NA,NA,NA,NA,NA,291742
"Belgium",2004,269780,NA,288999,NA,302898,NA,NA,NA,NA,0.0278250955215169,93.3498039785605,NA,NA,NA,NA,NA,NA,294698
"Belgium",2005,277930,NA,302620,NA,309472,NA,NA,NA,NA,0.0217036758248652,91.8412530566387,NA,NA,NA,NA,NA,NA,302898
"Belgium",2006,278600,NA,318803,NA,318803,NA,NA,NA,NA,0.030151354565195,87.3893909404868,NA,NA,NA,NA,NA,NA,309472
"Belgium",2007,285810,NA,334902,NA,327088,NA,NA,NA,NA,0.0259878357480952,85.3413834494867,NA,NA,NA,NA,NA,NA,318803
"Belgium",2008,310830,NA,343941,NA,330258,NA,NA,NA,NA,0.00969158147042992,90.3730581698605,NA,NA,NA,NA,NA,NA,327088
"Belgium",2009,324640,NA,336028,NA,319748,NA,NA,NA,NA,-0.0318236045758165,96.6109967026557,NA,NA,NA,NA,NA,NA,330258
"Canada",1946,17893,13165,NA,87569.328,NA,NA,4.9775,NA,NA,-0.01026045777427,135.913406760349,NA,NA,NA,NA,NA,88477.144,NA
"Canada",1947,17695,15120,NA,91445.004,NA,NA,14.0574,NA,NA,0.0442583732057418,117.030423280423,NA,NA,NA,NA,NA,87569.328,NA
"Canada",1948,17190,16343,NA,93120.972,NA,NA,14.4412,NA,NA,0.0183276059564719,105.182647004834,NA,NA,NA,NA,NA,91445.004,NA
"Canada",1949,16937,18006,13657,95146.1,NA,NA,2.1826,NA,NA,0.0217472815898014,124.016987625394,NA,NA,NA,NA,NA,93120.972,NA
"Canada",1950,16726,21170,15073,102164,NA,NA,5.3183,NA,NA,0.0737591976970153,110.96662907185,NA,NA,NA,NA,NA,95146.1,NA
"Canada",1951,16718,23995,18765,107960,NA,NA,11.7117,NA,NA,0.0567323127520458,89.0913935518252,NA,NA,NA,NA,NA,102164,NA
"Canada",1952,16819,25020,20732,115816,NA,NA,-1.4821,NA,NA,0.0727676917376807,81.1257958711171,NA,NA,NA,NA,NA,107960,NA
"Canada",1953,17357,24871,21013,121228,NA,NA,-1.1134,NA,NA,0.0467292947433862,82.6012468471898,NA,NA,NA,NA,NA,115816,NA
"Canada",1954,17558,27132,22799,120390,NA,NA,-0.3223,NA,NA,-0.00691259445012704,77.0121496556867,NA,NA,NA,NA,NA,121228,NA
"Canada",1955,17561,30585,24278,131633,NA,NA,0.7514,NA,NA,0.093388155162389,72.3329763571958,NA,NA,NA,NA,NA,120390,NA
"Canada",1956,18698,31909,27462,142282,NA,NA,2.5934,NA,NA,0.0808991666223515,68.0868108659238,NA,NA,NA,NA,NA,131633,NA
"Canada",1957,17962,32894,29248,146402,NA,NA,1.6642,NA,NA,0.0289565791878101,61.4127461706783,NA,NA,NA,NA,NA,142282,NA
"Canada",1958,18030,34915,29207,149021,NA,NA,1.7434,NA,NA,0.0178890998756847,61.7317766288903,NA,NA,NA,NA,NA,146402,NA
"Canada",1959,19708,36287,30958,155062,NA,NA,1.2503,NA,NA,0.0405379107642547,63.660443181084,NA,NA,NA,NA,NA,149021,NA
"Canada",1960,20399,39.448,33058,159880,NA,NA,0.9526,NA,NA,0.0310714423907856,61.7066973198621,NA,NA,NA,NA,NA,155062,NA
"Canada",1961,20864,41.173,39245,164598,NA,NA,0.6292,NA,NA,0.0295096322241681,53.1634603134157,NA,NA,NA,NA,NA,159880,NA
"Canada",1962,22775,44.665,42295,176130,NA,NA,1.72,NA,NA,0.0700616046367513,53.8479725735903,NA,NA,NA,NA,NA,164598,NA
"Canada",1963,24494,47.961,45661,185041,NA,NA,1.8953,NA,NA,0.0505933117583603,53.6431527999825,NA,NA,NA,NA,NA,176130,NA
"Canada",1964,26212,52.549,50334,197098,NA,NA,1.5694,NA,NA,0.0651585324333526,52.0761314419677,NA,NA,NA,NA,NA,185041,NA
"Canada",1965,26838,57.93,55828,210203,NA,NA,2.5945,NA,NA,0.0664897665120905,48.0726517159848,NA,NA,NA,NA,NA,197098,NA
"Canada",1966,27738,64.818,54569,223832,NA,NA,3.6851,NA,NA,0.0648373239202105,50.8310579266617,NA,NA,NA,NA,NA,210203,NA
"Canada",1967,29844,69.698,59700,230647,NA,NA,3.2219,NA,NA,0.0304469423496194,49.9899497487437,NA,NA,NA,NA,NA,223832,NA
"Canada",1968,32008,76.131,63750,242703,NA,NA,3.6668,NA,NA,0.0522703525300567,50.2086274509804,NA,NA,NA,NA,NA,230647,NA
"Canada",1969,34355,83.825,69418,255497,NA,NA,4.6755,NA,NA,0.0527146347593561,49.4900458094442,NA,NA,NA,NA,NA,242703,NA
"Canada",1970,35820,90.179,79877,262098,NA,NA,2.4679,NA,NA,0.0258359197955358,44.8439475693879,NA,NA,NA,NA,NA,255497,NA
"Canada",1971,39930,98.429,89105,276694,NA,NA,2.8372,NA,NA,0.0556890933925478,44.8123000953931,NA,NA,NA,NA,NA,262098,NA
"Canada",1972,43762,109.913,98406,291314,NA,NA,5.3437,NA,NA,0.0528381533390676,44.4708655976262,NA,NA,NA,NA,NA,276694,NA
"Canada",1973,46211,128.956,111852,312176,NA,NA,11.4992,NA,NA,0.0716134480320205,41.3144154775954,NA,NA,NA,NA,NA,291314,NA
"Canada",1974,49057,154.038,129730,324928,NA,NA,14.1499,NA,NA,0.0408487519860592,37.8146920527249,NA,NA,NA,NA,NA,312176,NA
"Canada",1975,55125,173.621,148702,332269,NA,NA,9.3151,NA,NA,0.0225926974591295,37.0707858670361,NA,NA,NA,NA,NA,324928,NA
"Canada",1976,61928,199.994,170709,350467,NA,NA,6.964,NA,NA,0.0547688770243386,36.2769391186171,NA,NA,NA,NA,NA,332269,NA
"Canada",1977,69735,220.973,191532,362245,NA,NA,8.4885,NA,NA,0.033606587781446,36.4090595827329,NA,NA,NA,NA,NA,350467,NA
"Canada",1978,82355,244.877,241225,376894,NA,NA,8.7732,NA,NA,0.0404394815663431,34.1403254223236,NA,NA,NA,NA,NA,362245,NA
"Canada",1979,100492,279.577,266107,392561,NA,NA,9.3338,NA,NA,0.0415687169336736,37.7637566843413,NA,NA,NA,NA,NA,376894,NA
"Canada",1980,110611,314.39,314698,397814,1025780,NA,10.107,NA,NA,0.0133813598396173,35.1483009107144,NA,NA,NA,NA,NA,392561,NA
"Canada",1981,127665,360.471,360827,410164,1041654,NA,12.472,NA,NA,0.015475053130301,35.3812214717857,NA,NA,NA,NA,NA,397814,1025780
"Canada",1982,144505,379.859,399185,397671,1042956,NA,10.769,NA,NA,0.00124993519921213,36.2000075153124,NA,NA,NA,NA,NA,410164,1041654
"Canada",1983,173091,411.386,443475,409246,1083286,NA,5.864,NA,NA,0.03866893713637,39.030610519195,NA,NA,NA,NA,NA,397671,1042956
"Canada",1984,209304,449.582,498656,432711,1147136,NA,4.305,NA,NA,0.0589410368083774,41.9736251042803,NA,NA,NA,NA,NA,409246,1083286
"Canada",1985,250515,485.714,552432,456107,1208554,NA,3.962,NA,NA,0.0535402951350146,45.3476626987575,NA,NA,NA,NA,NA,432711,1147136
"Canada",1986,284037,512.541,570893,468055,1257350,NA,4.195,NA,NA,0.040375523145842,49.753106098691,NA,NA,NA,NA,NA,456107,1208554
"Canada",1987,318277,558.949,622867,487138,1279731,NA,4.356,NA,NA,0.0178001352049946,51.0987096763836,NA,NA,NA,NA,NA,468055,1257350
"Canada",1988,349894,613.094,652073,510815,1277519,NA,4.028,NA,NA,-0.00172848825260929,53.6587161253418,NA,NA,NA,NA,NA,487138,1279731
"Canada",1989,379993,657.728,695771,523177,1290263,NA,4.984,NA,NA,0.00997558549031363,54.6146648825547,NA,NA,NA,NA,NA,510815,1277519
"Canada",1990,406606,679.921,736295,524475,1315133,NA,4.78,NA,NA,0.019275140029591,55.223246117385,NA,NA,NA,NA,NA,523177,1290263
"Canada",1991,444557,685.367,775727,513291.9201,1355963,NA,5.626,NA,NA,0.0310462896148147,57.3084345394707,NA,NA,NA,NA,NA,524475,1315133
"Canada",1992,476104,700.48,797314,517778.7606,1403735,NA,1.49,NA,NA,0.035231049814781,59.7134880360811,NA,NA,NA,NA,NA,513291.9201,1355963
"Canada",1993,514357,727.184,838297,529920.6972,1442852,NA,1.865,NA,NA,0.0278663707893585,61.3573709556398,NA,NA,NA,NA,NA,517778.7606,1403735
"Canada",1994,557604,770.873,878806,555411.2016,1515736,NA,0.136,NA,NA,0.0505138434156795,63.4501812686759,NA,NA,NA,NA,NA,529920.6972,1442852
"Canada",1995,595877,810.426,943437,570868.2258,1579190,NA,2.189,NA,NA,0.0418634907398121,63.1602322147637,NA,NA,NA,NA,NA,555411.2016,1515736
"Canada",1996,634939,836.864,1032990,580059.7477,1659725,NA,1.58,NA,NA,0.0509976633590639,61.4661322955692,NA,NA,NA,NA,NA,570868.2258,1579190
"Canada",1997,651124,882.733,1119180,604681.7889,1749228,NA,1.612,NA,NA,0.0539264034704545,58.1786665237049,NA,NA,NA,NA,NA,580059.7477,1659725
"Canada",1998,645725,914.973,1140360,629755,1796156,NA,0.987,NA,NA,0.0268278349077422,56.6246623873163,NA,NA,NA,NA,NA,604681.7889,1749228
"Canada",1999,648389,982.441,1240430,664604,1832542,NA,1.744,NA,NA,0.0202577059008238,52.2713091427973,NA,NA,NA,NA,NA,629755,1796156
"Canada",2000,648212,1076.58,1481240,699382,1892165,NA,2.738,NA,NA,0.0325356799462169,43.7614431152278,NA,NA,NA,NA,NA,664604,1832542
"Canada",2001,644900,1108.05,1536890,709074,1929822,NA,2.507,NA,NA,0.0199015413560657,41.9613635328488,NA,NA,NA,NA,NA,699382,1892165
"Canada",2002,640526,1152.91,1532310,732692,1958809,NA,2.276,NA,NA,0.015020556300011,41.8013326285151,NA,NA,NA,NA,NA,709074,1929822
"Canada",2003,629638,1213.18,1593830,746491,1978662,NA,2.742,NA,NA,0.0101352403424735,39.5047150574403,NA,NA,NA,NA,NA,732692,1958809
"Canada",2004,628830,1290.91,1743040,769405,2055120,NA,1.841,NA,NA,0.0386412636417943,36.0766247475675,NA,NA,NA,NA,NA,746491,1978662
"Canada",2005,626217,1373.85,1945720,792964,2111414,NA,2.23,NA,NA,0.0273920744287439,32.1843327919742,NA,NA,NA,NA,NA,769405,2055120
"Canada",2006,619701,1449.22,2159570,814835,2159573,NA,2.018,NA,NA,0.0228088854199129,28.6955736558667,NA,NA,NA,NA,NA,792964,2111414
"Canada",2007,618765,1532.94,2277110,NA,2227256,NA,2.123,NA,NA,0.0313409178573727,27.1732590871763,NA,NA,NA,NA,NA,814835,2159573
"Canada",2008,594390,1600.08,2548320,NA,2274744,NA,2.385,NA,NA,0.0213213029844797,23.3247786777171,NA,NA,NA,NA,NA,NA,2227256
"Canada",2009,719627,1523.67,2379940,NA,2231372,NA,0.147,NA,NA,-0.0190667609190309,30.2371908535509,NA,NA,NA,NA,NA,NA,2274744
"Greece",1948,2473.8,21300,NA,NA,NA,NA,NA,13936,NA,0.0500301386377335,11.6140845070423,NA,NA,NA,NA,13272,NA,NA
"Greece",1950,3712.8,32800,NA,NA,NA,NA,NA,14489,NA,-0.0129436610123306,11.319512195122,NA,NA,NA,NA,14679,NA,NA
"Greece",1951,5892.5,39400,NA,NA,NA,NA,NA,15765,NA,0.0880668093036097,14.9555837563452,NA,NA,NA,NA,14489,NA,NA
"Greece",1952,7575.5,41300,NA,NA,NA,NA,NA,15878,NA,0.00716777672058355,18.3426150121065,NA,NA,NA,NA,15765,NA,NA
"Greece",1953,8606.5,54100,NA,NA,NA,NA,NA,18053,NA,0.136981987655876,15.9085027726433,NA,NA,NA,NA,15878,NA,NA
"Greece",1954,8553.2,62400,NA,NA,NA,NA,NA,18615,NA,0.0311305600177256,13.7070512820513,NA,NA,NA,NA,18053,NA,NA
"Greece",1955,8818.4,72100,NA,NA,NA,NA,NA,20022,NA,0.0755842062852539,12.2307905686546,NA,NA,NA,NA,18615,NA,NA
"Greece",1956,9285,83100,NA,NA,NA,NA,NA,21731,NA,0.0853561082808911,11.173285198556,NA,NA,NA,NA,20022,NA,NA
"Greece",1957,6680,89500,NA,NA,NA,NA,NA,23147,NA,0.0651603699783718,7.46368715083799,NA,NA,NA,NA,21731,NA,NA
"Greece",1958,7889,93800,NA,NA,NA,NA,NA,24218,NA,0.0462694949669504,8.41044776119403,NA,NA,NA,NA,23147,NA,NA
"Greece",1959,10096,97500,NA,NA,NA,NA,NA,25107,NA,0.0367082335452968,10.3548717948718,NA,NA,NA,NA,24218,NA,NA
"Greece",1960,10711,105200,NA,NA,NA,NA,NA,26195,NA,0.0433345282192217,10.1815589353612,NA,NA,NA,NA,25107,NA,NA
"Greece",1961,13161,118600,NA,NA,NA,NA,NA,28492,NA,0.0876884901698798,11.0969645868465,NA,NA,NA,NA,26195,NA,NA
"Greece",1962,16541,126000,NA,NA,NA,NA,NA,29562,NA,0.0375544012354345,13.1277777777778,NA,NA,NA,NA,28492,NA,NA
"Greece",1963,27090,140800,NA,NA,NA,NA,NA,32567,NA,0.101650767877681,19.2400568181818,NA,NA,NA,NA,29562,NA,NA
"Greece",1964,29160,158000,NA,NA,NA,NA,NA,35243,NA,0.082169066846808,18.4556962025316,NA,NA,NA,NA,32567,NA,NA
"Greece",1965,34260,179800,NA,NA,NA,NA,NA,38553,NA,0.0939193598728825,19.0545050055617,NA,NA,NA,NA,35243,NA,NA
"Greece",1966,32074,2e+05,NA,NA,NA,NA,NA,40907,NA,0.0610588021684435,16.037,NA,NA,NA,NA,38553,NA,NA
"Greece",1967,38703,216100,NA,NA,NA,NA,NA,43152,NA,0.0548805827853425,17.909763998149,NA,NA,NA,NA,40907,NA,NA
"Greece",1968,45366,234600,NA,NA,NA,NA,NA,46027,NA,0.0666249536522061,19.3375959079284,NA,NA,NA,NA,43152,NA,NA
"Greece",1969,56722,266500,NA,NA,NA,NA,NA,50585,NA,0.0990288309036,21.284052532833,NA,NA,NA,NA,46027,NA,NA
"Greece",1970,63713,338501,NA,NA,NA,NA,3.8375609409,54609,NA,0.0795492735000494,18.8221009686825,NA,NA,NA,NA,50585,NA,NA
"Greece",1971,71420,375800,NA,NA,NA,NA,3.6145870618,58496,NA,0.07117874343057,19.0047897817988,NA,NA,NA,NA,54609,NA,NA
"Greece",1972,87524,435001,NA,NA,NA,NA,5.9877645569,65775,NA,0.124435858862144,20.1204135162908,NA,NA,NA,NA,58496,NA,NA
"Greece",1973,94086,568299,NA,NA,NA,NA,18.7866436171,68355,NA,0.0392246294184722,16.5557215479879,NA,NA,NA,NA,65775,NA,NA
"Greece",1974,114114,652901,NA,NA,NA,NA,13.0653909236,65868,NA,-0.0363835856923415,17.4779943666804,NA,NA,NA,NA,68355,NA,NA
"Greece",1975,142793,785599,NA,NA,NA,NA,14.2536616734,69853,NA,0.0604997874536952,18.1763215075376,NA,NA,NA,NA,65868,NA,NA
"Greece",1976,203300,977199,NA,NA,NA,NA,10.4656806984,74296,NA,0.0636049990694745,20.804360217315,NA,NA,NA,NA,69853,NA,NA
"Greece",1977,265900,1144500,NA,NA,NA,NA,9.9234665478,76843,NA,0.0342817917519114,23.2328527741372,NA,NA,NA,NA,74296,NA,NA
"Greece",1978,330300,1396500,NA,NA,NA,NA,7.9978398212,81989,NA,0.0669677133896387,23.6519871106337,NA,NA,NA,NA,76843,NA,NA
"Greece",1979,400900,1733000,NA,NA,NA,NA,14.6104640864,85015,NA,0.0369073900157337,23.133294864397,NA,NA,NA,NA,81989,NA,NA
"Greece",1980,511700,2080700,NA,NA,NA,NA,24.746,86505,NA,0.677,24.5926851540347,NA,NA,NA,NA,85015,NA,NA
"Greece",1981,716700,2490800,NA,NA,NA,NA,24.321,86553,NA,-1.554,28.7738879074996,NA,NA,NA,NA,86505,NA,NA
"Greece",1982,928381.518640382,3132800,NA,NA,NA,NA,21.421,86895,NA,-1.133,29.6342415296343,NA,NA,NA,NA,86553,NA,NA
"Greece",1983,1269375.44485928,3737900,12018,NA,NA,NA,19.982,87244,NA,-1.079,10562.2852792418,NA,NA,NA,NA,86895,NA,NA
"Greece",1984,1882914.99490692,4648800,14947,NA,NA,NA,18.305,89645,NA,2.011,12597.2770114867,NA,NA,NA,NA,87244,NA,NA
"Greece",1985,2673409.79546141,5672100,18237,NA,NA,NA,19.341,92442,NA,2.51,14659.263011797,NA,NA,NA,NA,89645,NA,NA
"Greece",1986,3230397.5076524,6778000,21793,NA,NA,NA,23.167,93941,NA,0.518,14823.0969010802,NA,NA,NA,NA,92442,NA,NA
"Greece",1987,4045828.77491623,7635400,24550,NA,NA,NA,16.393,93507,NA,-2.259,16479.9542766445,NA,NA,NA,NA,93941,NA,NA
"Greece",1988,5821970.11675427,9290900,29873,NA,NA,NA,13.454,97670,NA,4.288,19489.0707888537,NA,NA,NA,NA,93507,NA,NA
"Greece",1989,7270085.42533809,11042000,35504,NA,NA,NA,13.754,101425,NA,3.8,20476.8066283745,NA,NA,NA,NA,97670,NA,NA
"Greece",1990,11869937.8186509,13327000,42850,NA,NA,NA,20.476,101452,NA,0,27701.1384332576,NA,NA,NA,NA,101425,NA,NA
"Greece",1991,14998225.6624132,16459000,52921,NA,NA,NA,19.508,104597.05,NA,3.1,28340.7827940009,NA,NA,NA,NA,101452,NA,NA
"Greece",1992,18572186.9063442,19027000,61177,NA,NA,NA,15.888,105329.23,NA,0.7,30358.119728565,NA,NA,NA,NA,104597.05,NA,NA
"Greece",1993,24174.3,21424000,68885,NA,NA,NA,14.377,103643.9,NA,-1.6,35.093706902809,NA,NA,NA,NA,105329.23,NA,NA
"Greece",1994,28006.7,24296000,78119,NA,NA,NA,10.868,105716.85,NA,2,35.8513293820965,NA,NA,NA,NA,103643.9,NA,NA
"Greece",1995,31875.2,30516000,87569,NA,NA,NA,8.816,107936.6,NA,2.1,36.4000959243568,NA,NA,NA,NA,105716.85,NA,NA
"Greece",1996,36134.3,33528700,96251,NA,NA,NA,7.867,110482.19,NA,2.358,37.5417398260797,NA,NA,NA,NA,107936.6,NA,NA
"Greece",1997,38913.1,37103000,106532,NA,NA,NA,5.442,114501.06,NA,3.638,36.5271467728007,NA,NA,NA,NA,110482.19,NA,NA
"Greece",1998,41723.7,40344300,115886,NA,NA,NA,4.522,118329,NA,3.364,36.004090226602,NA,NA,NA,NA,114501.06,NA,NA
"Greece",1999,44393.3,42987400,123459,NA,NA,NA,2.145,122405,NA,3.42,35.9579293530646,NA,NA,NA,NA,118329,NA,NA
"Greece",2000,48823.3,46437800,136281,NA,NA,NA,2.897,127880,NA,4.477,35.8254635642533,NA,NA,NA,NA,122405,NA,NA
"Greece",2001,155597.2,49895300,146428,NA,NA,NA,3.654,133600,NA,4.197,106.261917119677,NA,NA,NA,NA,127880,NA,NA
"Greece",2002,171939.1,53366600,156615,NA,NA,NA,3.915,138834,NA,3.439,109.784567250902,NA,NA,NA,NA,133600,NA,NA
"Greece",2003,183679,58755900,171410,NA,NA,NA,3.435,145837,NA,5.582,107.157692083309,NA,NA,NA,NA,138834,NA,NA
"Greece",2004,202212,63315800,185851,NA,NA,NA,3.022,152462,NA,4.916,108.803288655966,NA,NA,NA,NA,145837,NA,NA
"Greece",2005,216698,66571000,197645,NA,NA,NA,3.484,158326,NA,2.898,109.640011131068,NA,NA,NA,NA,152462,NA,NA
"Greece",2006,227325,71714200,213207,NA,NA,NA,3.314,168106,NA,4.497,106.621733807989,NA,NA,NA,NA,158326,NA,NA
"Greece",2007,240708,77158400,228180,NA,NA,NA,2.991,NA,NA,4.036,105.490402313963,NA,NA,NA,NA,168106,NA,NA
"Greece",2008,262381,81487300,242946,NA,NA,NA,4.236,NA,NA,2.933,107.99972010241,NA,NA,NA,NA,NA,NA,NA
"Greece",2009,58968,NA,246293,NA,NA,NA,1.133,NA,NA,-0.753,23.9422151664887,NA,NA,NA,NA,NA,NA,NA
"Ireland",1947,86.8,332,421.553,9196,NA,NA,NA,NA,NA,0.0189473684210526,20.5905307280461,NA,NA,NA,NA,NA,9025,NA
"Ireland",1948,91,341,432.981,9643,NA,NA,NA,NA,NA,0.0486080904741193,21.0170885096575,NA,NA,NA,NA,NA,9196,NA
"Ireland",1949,128,366,464.724,10148,NA,NA,NA,NA,NA,0.0523695945245255,27.5432299601484,NA,NA,NA,NA,NA,9643,NA
"Ireland",1950,178,372,472.343,10231,NA,NA,NA,NA,NA,0.00817895151754033,37.6844792872976,NA,NA,NA,NA,NA,10148,NA
"Ireland",1951,227,392,497.737,10488,NA,NA,NA,NA,NA,0.0251197341413352,45.6064146326273,NA,NA,NA,NA,NA,10231,NA
"Ireland",1952,271,450,571.382,10753,NA,NA,NA,NA,NA,0.0252669717772693,47.4288654525344,NA,NA,NA,NA,NA,10488,NA
"Ireland",1953,310,496,629.79,11043,NA,NA,NA,NA,NA,0.026969217892681,49.2227567919465,NA,NA,NA,NA,NA,10753,NA
"Ireland",1954,354,498,632.33,11142,NA,NA,NA,NA,NA,0.00896495517522422,55.9834263754685,NA,NA,NA,NA,NA,11043,NA
"Ireland",1955,423,522,662.803,11432,NA,NA,NA,NA,NA,0.0260276431520374,63.8198680452563,NA,NA,NA,NA,NA,11142,NA
"Ireland",1956,453,530,672.961,11283,NA,NA,NA,NA,NA,-0.0130335899230231,67.314450614523,NA,NA,NA,NA,NA,11432,NA
"Ireland",1957,489,549,697.086,11266,NA,NA,NA,NA,NA,-0.00150669148276172,70.1491638047529,NA,NA,NA,NA,NA,11283,NA
"Ireland",1958,525,568,721.211,11034,NA,NA,NA,NA,NA,-0.0205929344931652,72.7942308145605,NA,NA,NA,NA,NA,11266,NA
"Ireland",1959,543,608,772.001,11481,NA,NA,NA,NA,NA,0.0405111473626971,70.3366964550564,NA,NA,NA,NA,NA,11034,NA
"Ireland",1960,590,631,801.205,12127,NA,NA,NA,NA,NA,0.056266875707691,73.6390811340418,NA,NA,NA,NA,NA,11481,NA
"Ireland",1961,636,680,863.422,12706,NA,NA,NA,NA,NA,0.0477447019048405,73.6603885469678,NA,NA,NA,NA,NA,12127,NA
"Ireland",1962,687,736,934.527,13120,NA,NA,NA,NA,NA,0.032583031638596,73.5131248214337,NA,NA,NA,NA,NA,12706,NA
"Ireland",1963,748,791,1004.363,13741,NA,NA,NA,NA,NA,0.0473323170731708,74.4750652901391,NA,NA,NA,NA,NA,13120,NA
"Ireland",1964,811,901,1144.034,14279,NA,NA,NA,NA,NA,0.0391529000800523,70.8895015357935,NA,NA,NA,NA,NA,13741,NA
"Ireland",1965,894,959,1217.679,14528,NA,NA,NA,NA,NA,0.0174381959520975,73.4183639530615,NA,NA,NA,NA,NA,14279,NA
"Ireland",1966,1001,1010,1282.435,14652,NA,NA,NA,NA,NA,0.00853524229074898,78.0546382467727,NA,NA,NA,NA,NA,14528,NA
"Ireland",1967,1079,1104,1401.791,15521,NA,NA,NA,NA,NA,0.0593093093093093,76.9729581656609,NA,NA,NA,NA,NA,14652,NA
"Ireland",1968,1045,1245,1580.824,16804,NA,NA,NA,NA,NA,0.0826621996005412,66.1047656159066,NA,NA,NA,NA,NA,15521,NA
"Ireland",1969,1161,1438,1825.883,17815,NA,NA,NA,NA,NA,0.0601642466079504,63.585673342706,NA,NA,NA,NA,NA,16804,NA
"Ireland",1970,1281,1621,2058.245,18289,NA,NA,NA,NA,NA,0.0266067920291888,62.2374887343343,NA,NA,NA,NA,NA,17815,NA
"Ireland",1971,1404,1853,2352.825,18923,NA,NA,NA,NA,NA,0.0346656460167314,59.6729463517261,NA,NA,NA,NA,NA,18289,NA
"Ireland",1972,1588,2238,2841.674,20151,NA,NA,NA,NA,NA,0.0648945727421657,55.8825537341722,NA,NA,NA,NA,NA,18923,NA
"Ireland",1973,1804,2729,3465.115,21103,NA,NA,NA,NA,NA,0.0472433129869485,52.0617641838727,NA,NA,NA,NA,NA,20151,NA
"Ireland",1974,2486,2991,3797.787,22002,NA,NA,NA,NA,NA,0.0426005781168555,65.4591739873774,NA,NA,NA,NA,NA,21103,NA
"Ireland",1975,3484,3792,4814.847,23246,NA,NA,NA,NA,NA,0.0565403145168621,72.3595163044641,NA,NA,NA,NA,NA,22002,NA
"Ireland",1976,4587,4653,5908.091,23571,NA,NA,NA,NA,NA,0.0139808999397746,77.6392916087447,NA,NA,NA,NA,NA,23246,NA
"Ireland",1977,5369,5703,7241.316,25506,NA,NA,NA,NA,NA,0.0820924016800306,74.1439815635722,NA,NA,NA,NA,NA,23571,NA
"Ireland",1978,6561,6757,8579.62,27340,NA,NA,NA,NA,NA,0.0719046498863012,76.4719183367095,NA,NA,NA,NA,NA,25506,NA
"Ireland",1979,8304,7917,10052.516,28180,NA,NA,NA,NA,NA,0.0307242136064374,82.6061853569793,NA,NA,NA,NA,NA,27340,NA
"Ireland",1980,10026,9361,11886.018,29047,80590,NA,NA,NA,NA,2.9,84.3512099678799,13101,NA,NA,NA,NA,28180,NA
"Ireland",1981,12945,11359,14422.955,30013,81613,NA,NA,NA,NA,2.5,89.752758709987,15896,NA,NA,NA,NA,29047,80590
"Ireland",1982,14817,13382,16991.635,30698,84081,NA,NA,NA,NA,1.5,87.2017319110256,18858,NA,NA,NA,NA,30013,81613
"Ireland",1983,18275,14916,18939.413,30624,86559,NA,NA,NA,NA,-0.7,96.4919028905489,20785,NA,NA,NA,NA,30698,84081
"Ireland",1984,21359,16556,21021.784,31957,89194,NA,NA,NA,NA,3.2,101.60412646234,23019,NA,NA,NA,NA,30624,86559
"Ireland",1985,23492,17969,22815.924,32943,92120,NA,NA,NA,NA,1.9,102.963176069486,25006,NA,NA,NA,NA,31957,89194
"Ireland",1986,27439,19703,25017.649,32802,94539,NA,NA,NA,NA,0.4,109.678571315794,26636,NA,NA,NA,NA,32943,92120
"Ireland",1987,30086,21075,26759.73,34331,97903,NA,NA,NA,NA,3.6,112.430132889981,28467,NA,NA,NA,NA,32802,94539
"Ireland",1988,31250,22718,28845.91,36123,102897,NA,NA,NA,NA,3,108.334249118853,30409,NA,NA,NA,NA,34331,97903
"Ireland",1989,31525,25418,32274.202,38223,108469,NA,NA,NA,NA,5.6,97.6786350906523,33732,NA,NA,NA,NA,36123,102897
"Ireland",1990,31849,28598,36311.97,41459,108558,NA,NA,NA,NA,7.7,87.7093696651545,36574,NA,NA,NA,NA,38223,108469
"Ireland",1991,32224,29675,37679.477,42258.998,101780,NA,NA,NA,NA,1.6,85.5213568914452,38054,NA,NA,NA,NA,41459,108558
"Ireland",1992,33450,31529,40033.572,43671.815,97978,NA,NA,NA,NA,3.6,83.5548723955984,40532,NA,NA,NA,NA,42258.998,101780
"Ireland",1993,36006,34054,43239.661,44847.7,97076,NA,NA,NA,NA,2.3,83.2707730987993,43654,NA,NA,NA,NA,43671.815,97978
"Ireland",1994,37110,36624,46502.887,47429.075,100545,NA,NA,NA,NA,5.9,79.8014970554409,46921,NA,NA,NA,NA,44847.7,97076
"Ireland",1995,38358,41409,52578.584,51998.571,104490,NA,NA,NA,NA,9.6,72.9536573293796,53112,NA,NA,NA,NA,47429.075,100545
"Ireland",1996,37981,45634,57943.227,56291.679,108356,NA,NA,NA,NA,8.1,65.5486447104508,58714,NA,NA,NA,NA,51998.571,104490
"Ireland",1997,38966,52760,66991.381,62866.996,115074,NA,NA,NA,NA,11.5,58.165691493955,67934,NA,NA,NA,NA,56291.679,108356
"Ireland",1998,37510,60582,76923.272,67719,121087,NA,NA,NA,NA,8.4,48.7628763373456,78536,NA,NA,NA,NA,62866.996,115074
"Ireland",1999,39850,71363.1,90612.445,74709,125835,NA,NA,NA,NA,10.7,43.9785064844018,90378,NA,NA,NA,NA,67719,121087
"Ireland",2000,36512,82560.5,104830.211,81716,132198,NA,NA,NA,NA,9.4,34.8296542110365,104830,NA,NA,NA,NA,74709,125835
"Ireland",2001,36183,92090.3,116930.561,86691,135774,NA,NA,NA,NA,5.7,30.9440061610583,116931,NA,NA,NA,NA,81716,132198
"Ireland",2002,36361,102587,130258.62,92412,137910,NA,NA,NA,NA,6.5,27.9144673880316,130258,NA,NA,NA,NA,86691,135774
"Ireland",2003,37611,110072,139762.61,96537,140407,NA,NA,NA,NA,4.4,26.9106308189293,139763,NA,NA,NA,NA,92412,137910
"Ireland",2004,37846,117424,149097.724,100745,145597,NA,NA,NA,NA,4.6,25.3833519282964,149098,NA,NA,NA,NA,96537,140407
"Ireland",2005,38182,127657,162090.954,106840,149627,NA,NA,NA,NA,6.2,23.5559104674034,162091,NA,NA,NA,NA,100745,145597
"Ireland",2006,35917,139209,176758.968,112934,156993,NA,NA,NA,NA,5.4,20.3197610884445,176759,NA,NA,NA,NA,106840,149627
"Ireland",2007,37559,149441,189750.928,NA,163591,NA,NA,NA,NA,6,19.7938425892705,189751,NA,NA,NA,NA,112934,156993
"Ireland",2008,50398,143192,181816.335,NA,165294,NA,NA,NA,NA,-3,27.7191815575867,181815,NA,NA,NA,NA,NA,163591
"Ireland",2009,73266,NA,165120,NA,154788,NA,NA,NA,NA,-7.5,44.3713662790698,165120,NA,NA,NA,NA,NA,165294
"Italy",1951,2851.5,10732,NA,177272,NA,NA,11.2796,NA,NA,0.0746558193953575,26.5700708162505,NA,10748000,NA,NA,NA,164957,NA
"Italy",1952,3109.3,11570,NA,190541,NA,NA,2.715,NA,NA,0.074851076312108,26.8738115816768,NA,11591000,NA,NA,NA,177272,NA
"Italy",1953,3419,12795,NA,204288,NA,NA,1.1411,NA,NA,0.0721472019145486,26.7213755373193,NA,12826000,NA,NA,NA,190541,NA
"Italy",1954,3906,13634,NA,214884,NA,NA,2.8864,NA,NA,0.0518679511278195,28.6489658207423,NA,13656000,NA,NA,NA,204288,NA
"Italy",1955,4257.4,15032,NA,227389,NA,NA,2.0986,NA,NA,0.058194188492396,28.3222458754657,NA,15050000,NA,NA,NA,214884,NA
"Italy",1956,4575,16360,NA,237699,NA,NA,3.1756,NA,NA,0.0453408036448553,27.9645476772616,NA,16394000,NA,NA,NA,227389,NA
"Italy",1957,4835.8,17565,NA,251732,NA,NA,1.6358,NA,NA,0.0590368491243127,27.5308852832337,NA,17622000,NA,NA,NA,237699,NA
"Italy",1958,5093.8,18862,NA,265192,NA,NA,1.8351,NA,NA,0.0534695628684474,27.0056197646061,NA,18923000,NA,NA,NA,251732,NA
"Italy",1959,5347.6,20029,NA,281707,NA,NA,0.8875,NA,NA,0.0622756342574438,26.6992860352489,NA,20113000,NA,NA,NA,265192,NA
"Italy",1960,5731.6,23207,NA,296981,NA,NA,1.7391,NA,NA,0.0542194549656203,24.6977205153617,NA,23267000,NA,NA,NA,281707,NA
"Italy",1961,5611.9,25810,NA,321992,NA,NA,2.4391,NA,NA,0.0842175088642034,21.7431228206122,NA,25865000,NA,NA,NA,296981,NA
"Italy",1962,6019.9,28998,NA,347098,NA,NA,5.7606,NA,NA,0.0779708812641309,20.759707566039,NA,29049000,NA,NA,NA,321992,NA
"Italy",1963,6067.7,33215,NA,371822,NA,NA,6.7873,NA,NA,0.0712306034606942,18.2679512268553,NA,33269000,NA,NA,NA,347098,NA
"Italy",1964,6527.4,36360,NA,386333,NA,NA,6.0249,NA,NA,0.0390267386007284,17.9521452145215,NA,36437000,NA,NA,NA,371822,NA
"Italy",1965,6988.6,39124,NA,395020,NA,NA,3.7671,NA,NA,0.0224857829903218,17.8626929761783,NA,39263000,NA,NA,NA,386333,NA
"Italy",1966,6635.5,39829,NA,415639,NA,NA,1.5788,NA,NA,0.0521973570958432,16.6599713776394,NA,42577000,NA,NA,NA,395020,NA
"Italy",1967,6212.4,43555,NA,445232,NA,NA,1.6646,NA,NA,0.0711988047319909,14.2633451957295,NA,46860000,NA,NA,NA,415639,NA
"Italy",1968,7538.4,46980,NA,482462,NA,NA,1.0939,NA,NA,0.0836193265533474,16.0459770114943,NA,50818000,NA,NA,NA,445232,NA
"Italy",1969,8268.6,51700,NA,510051,NA,NA,3.3333,NA,NA,0.0571837782042939,15.9934235976789,NA,56136000,NA,NA,NA,482462,NA
"Italy",1970,9694.9,67315.1,NA,521506,NA,NA,5.4096,NA,NA,0.0224585384598794,14.4022663562856,NA,67420000,NA,NA,NA,510051,NA
"Italy",1971,12016,73371.3,NA,531385,NA,NA,4.7605,NA,NA,0.0189432144596611,16.3769757384699,NA,73321000,NA,NA,NA,521506,NA
"Italy",1972,14957.4,80229.1,NA,546933,NA,NA,6.8087,NA,NA,0.0292593882025274,18.6433600775778,NA,80050000,NA,NA,NA,531385,NA
"Italy",1973,19511.1,96596.3,NA,582713,NA,NA,11.5104,NA,NA,0.0654193475251996,20.1985997393275,NA,96744000,NA,NA,NA,546933,NA
"Italy",1974,27703.4,122177,NA,610040,NA,NA,21.8687,NA,NA,0.0468961564269204,22.6748078607267,NA,121705000,NA,NA,NA,582713,NA
"Italy",1975,38520.7,139381,NA,596946,NA,NA,14.0495,NA,NA,-0.0214641662841781,27.6369806501603,NA,138142000,NA,NA,NA,610040,NA
"Italy",1976,52492.9,175022,NA,635737,NA,NA,19.3368,NA,NA,0.0649824272212227,29.992172412611,NA,174028000,NA,NA,NA,596946,NA
"Italy",1977,69731.5,212639,NA,654108,NA,NA,16.3267,NA,NA,0.0288971697415756,32.7933728055531,NA,212464000,NA,NA,NA,635737,NA
"Italy",1978,116694,250163,NA,678494,NA,NA,11.6601,NA,NA,0.0372813052278829,46.6471860347054,NA,251011000,NA,NA,NA,654108,NA
"Italy",1979,140077,306108,NA,716984,NA,NA,16.8485,NA,NA,0.0567285782925124,45.7606465691847,NA,308794000,NA,NA,NA,678494,NA
"Italy",1980,175383,384396,203383,742299,80590,NA,21.8,NA,NA,-1.414,86.2328709872506,NA,386288000,NA,NA,NA,716984,NA
"Italy",1981,243760,461152,243632,745816,81613,NA,19.51,NA,NA,0.781,100.052538254417,NA,459053000,NA,NA,NA,742299,80590
"Italy",1982,317993,543776,287552,749233,84081,NA,16.46,NA,NA,0.668,110.586259180948,NA,538604000,NA,NA,NA,745816,81613
"Italy",1983,407328,633413,334833,758360,86559,NA,14.7,NA,NA,0.913,121.65109173827,NA,627552000,NA,NA,NA,749233,84081
"Italy",1984,482254,725678,382831,777841,89194,NA,10.74,NA,NA,3.226,125.970467386392,NA,718036000,NA,NA,NA,758360,86559
"Italy",1985,504371,813862,429649,799697,92120,NA,9.24,NA,NA,2.798,117.391405542664,NA,804634000,NA,NA,NA,777841,89194
"Italy",1986,604211,900438,475031,822404,94539,NA,5.82,NA,NA,2.86,127.194014706409,NA,891707000,NA,NA,NA,799697,92120
"Italy",1987,697292,984659,519651,847870,97903,NA,4.72,NA,NA,3.192,134.184673944628,NA,976130000,NA,NA,NA,822404,94539
"Italy",1988,805505,1092840,577455,880671,102897,NA,5.09,NA,NA,4.194,139.492254807734,NA,1085970000,NA,NA,NA,847870,97903
"Italy",1989,917649,1196810,634021,906053,108469,NA,6.276,NA,NA,3.388,144.734795850611,NA,1186930000,NA,NA,NA,880671,102897
"Italy",1990,1043248,1320830,701352,925654,108558,NA,6.099,NA,NA,2.053,148.748132178991,NA,1303500000,NA,NA,NA,906053,108469
"Italy",1991,1180600,1440650,765806,938522.0702,101780,NA,6.222,NA,NA,1.534,154.164370610834,NA,1419050000,NA,NA,NA,925654,108558
"Italy",1992,1332932,1560020,805682,945660.1539,97978,NA,5.003,NA,NA,0.773,165.441452086555,NA,1490790000,NA,NA,NA,938522.0702,101780
"Italy",1993,1528561,1606640,829758,937302.9399,97076,NA,4.497,NA,NA,-0.888,184.217687566736,NA,1536590000,NA,NA,NA,945660.1539,97978
"Italy",1994,1781074,1699480,877708,957993.4836,100545,NA,4.164,NA,NA,2.152,202.923295674643,NA,1626790000,NA,NA,NA,937302.9399,97076
"Italy",1995,1912967,1834300,947339,986004.0138,104490,NA,5.393,NA,NA,2.827,201.93056551034,NA,1761740000,NA,NA,NA,957993.4836,100545
"Italy",1996,2016967,1943580,1003780,996781.9207,108356,NA,3.983,NA,NA,1.095,200.937157544482,NA,1879170000,NA,NA,NA,986004.0138,104490
"Italy",1997,2054070,2030700,1048770,1016979.5512,115074,NA,1.895,NA,NA,1.872,195.855144597958,NA,1965460000,NA,NA,NA,996781.9207,108356
"Italy",1998,2107753,2113170,1091360,1026365,121087,NA,1.98,NA,NA,1.401,193.13086424278,NA,2047810000,NA,NA,NA,1016979.5512,115074
"Italy",1999,1102305,2182350,1127090,1046091,125835,NA,1.657,NA,NA,1.464,97.8009741901711,NA,NA,NA,NA,NA,1026365,121087
"Italy",2000,1132902,2306210,1191060,1083598,132198,NA,2.575,NA,NA,3.693,95.1171225630951,NA,NA,NA,NA,NA,1046091,125835
"Italy",2001,1145139,2417720,1248650,1103028,135774,NA,2.323,NA,NA,1.818,91.7101669803388,NA,NA,NA,NA,NA,1083598,132198
"Italy",2002,1142936,2507910,1295230,1106823,137910,NA,2.61,NA,NA,0.454,88.2419338650278,NA,NA,NA,NA,NA,1103028,135774
"Italy",2003,1157175.7,2585610,1335350,1107193,140407,NA,2.812,NA,NA,-0.017,86.6571086232074,NA,NA,NA,NA,NA,1106823,137910
"Italy",2004,1184244,2694380,1391530,1120504,145597,NA,2.274,NA,NA,1.532,85.1037347380222,NA,NA,NA,NA,NA,1107193,140407
"Italy",2005,1213031.53,2767860,1429480,1121559,149627,NA,2.206,NA,NA,0.656,84.8582372611019,NA,NA,NA,NA,NA,1120504,145597
"Italy",2006,1256946.05,2876090,1485380,1151143,156993,NA,2.217,NA,NA,2.036,84.621177745762,NA,NA,NA,NA,NA,1121559,149627
"Italy",2007,1288577.6,2991370,1544920,NA,163591,NA,2.038,NA,NA,1.564,83.4073997359087,NA,NA,NA,NA,NA,1151143,156993
"Italy",2008,1356207.5,3039610,1572240,NA,165294,NA,3.5,NA,NA,-1.04,86.2595723299242,NA,NA,NA,NA,NA,NA,163591
"Italy",2009,1477901.11,NA,1521490,NA,154788,NA,0.75,NA,NA,-5.145,97.135118206495,NA,NA,NA,NA,NA,NA,165294
"Japan",1956,1000249,9443300,9422200,55512600,NA,NA,NA,NA,NA,0.0620152665914178,10.6158752732907,NA,NA,17.0111,NA,NA,52271000,NA
"Japan",1957,970280,10861300,10858300,59580700,NA,NA,NA,NA,NA,0.0732824619996182,8.93583710157207,NA,NA,18.2296,NA,NA,55512600,NA
"Japan",1958,1075466,11451000,11538300,63391100,NA,NA,NA,NA,NA,0.0639535957113628,9.32083582503488,NA,NA,18.0641,NA,NA,59580700,NA
"Japan",1959,1252971,13088100,13190300,68679800,NA,NA,NA,NA,NA,0.083429692811767,9.49918500716436,NA,NA,19.0567,NA,NA,63391100,NA
"Japan",1960,1340283,15942100,16009700,76414600,NA,NA,NA,NA,NA,0.112621178279494,8.37169341086966,NA,NA,20.8626,NA,NA,68679800,NA
"Japan",1961,1222946,19325800,19336500,84054300,NA,NA,NA,NA,NA,0.0999769677522357,6.32454684146562,NA,NA,22.992,NA,NA,76414600,NA
"Japan",1962,1280665,21767600,21942700,89699600,NA,NA,NA,NA,NA,0.0671625365983657,5.83640572946811,NA,NA,24.2672,NA,NA,84054300,NA
"Japan",1963,1184565,25131000,25113200,96618800,NA,NA,NA,NA,NA,0.0771374677256085,4.71690186834016,NA,NA,26.0105,NA,NA,89699600,NA
"Japan",1964,1349212,29331900,29541300,105541000,NA,NA,NA,NA,NA,0.0923443470628904,4.56720591172359,NA,NA,27.7919,NA,NA,96618800,NA
"Japan",1965,1766563,32687600,32866000,110946700,NA,NA,NA,NA,NA,0.0512189575615163,5.37504716120002,NA,NA,29.4624,NA,NA,105541000,NA
"Japan",1966,2662274,37917300,38170000,121710500,NA,NA,NA,NA,NA,0.0970177571752924,6.97478124181294,NA,NA,31.1537,NA,NA,110946700,NA
"Japan",1967,3818407,44743900,44730500,134446800,NA,NA,NA,NA,NA,0.104644217220371,8.53647287644896,NA,NA,33.28,NA,NA,121710500,NA
"Japan",1968,4785834,52745800,52974900,148601100,NA,NA,NA,NA,NA,0.105278072813931,9.0341539106256,NA,NA,35.4949,NA,NA,134446800,NA
"Japan",1969,5479362,61971900,62228900,166111100,NA,NA,NA,NA,NA,0.117832236773483,8.80517251630673,NA,NA,37.3075,NA,NA,148601100,NA
"Japan",1970,6226347,73436000,73344900,182944300,NA,NA,NA,NA,NA,0.10133699674495,8.48913421383082,NA,NA,40.1412,NA,NA,166111100,NA
"Japan",1971,7605627,80473200,80701300,191599900,NA,NA,NA,NA,NA,0.0473127613158759,9.42441695486938,NA,NA,42.0006,NA,NA,182944300,NA
"Japan",1972,11704291,92844700,92394400,208064300,NA,NA,NA,NA,NA,0.0859311513210601,12.6677493441161,NA,NA,44.6231,NA,NA,191599900,NA
"Japan",1973,13154492,113807300,112498000,225120800,NA,NA,NA,NA,NA,0.0819770618986535,11.6930896549272,NA,NA,50.5539,NA,NA,208064300,NA
"Japan",1974,15709423,134205100,134244000,221534500,NA,NA,NA,NA,NA,-0.0159305581714351,11.7021416227168,NA,NA,60.5798,NA,NA,225120800,NA
"Japan",1975,22795207,147737600,148327000,227821800,NA,NA,NA,NA,NA,0.0283806811128742,15.3682114517249,NA,NA,64.8479,NA,NA,221534500,NA
"Japan",1976,32677954,166669800,166573000,236935200,NA,NA,NA,NA,NA,0.0400023176008617,19.6177976022525,NA,NA,70.344,NA,NA,227821800,NA
"Japan",1977,46097860,184920400,185622000,245440000,NA,NA,NA,NA,NA,0.0358950464093135,24.834265334928,NA,NA,75.3424,NA,NA,236935200,NA
"Japan",1978,62339876,203698500,204404000,255804800,NA,NA,NA,NA,NA,0.0422294654498043,30.4983640241874,NA,NA,79.6304,NA,NA,245440000,NA
"Japan",1979,77553952,221332100,221547000,273211500,NA,NA,NA,NA,NA,0.068046807565769,35.0056430463965,NA,NA,81.0113,NA,NA,255804800,NA
"Japan",1980,95011898,239950600,243235000,285851900,284375000,NA,NA,NA,NA,0.0462659880715124,39.0617707155631,NA,NA,83.9423,85.5332,NA,273211500,NA
"Japan",1981,106832094,257590400,261028000,296817600,296252900,NA,NA,NA,NA,0.0417684395604396,40.9274460977366,NA,NA,86.7841,88.1099,NA,285851900,284375000
"Japan",1982,121339078,270497000,274050000,305387800,306256200,NA,NA,NA,NA,0.0337660829649262,44.2762554278416,NA,NA,88.5749,89.4839,NA,296817600,296252900
"Japan",1983,137244038,281678600,285579000,312949300,315629900,NA,NA,NA,NA,0.030607380356708,48.0581688429471,NA,NA,90.0077,90.4791,NA,305387800,306256200
"Japan",1984,150139544,300429300,304859000,325979400,329719300,NA,NA,NA,NA,0.0446389901590438,49.2488474999918,NA,NA,92.1621,92.4602,NA,312949300,315629900
"Japan",1985,163571000,320257800,325792000,342399800,350601600,NA,NA,NA,NA,0.0633335688872323,50.2071874079167,NA,NA,93.5333,92.9237,NA,325979400,329719300
"Japan",1986,184689000,335118900,340948000,350590100,360527400,NA,NA,NA,NA,0.0283107664083677,54.1692574820794,NA,NA,95.5871,94.5692,NA,342399800,350601600
"Japan",1987,198612000,350790000,355837000,366230100,375335800,NA,NA,NA,NA,0.0410742706379599,55.8154435879349,NA,NA,95.784,94.805,NA,350590100,360527400
"Japan",1988,206206000,375116100,381579000,388574700,402159900,NA,NA,NA,NA,0.0714669370734153,54.0401856496296,NA,NA,96.5364,94.8824,NA,366230100,375335800
"Japan",1989,208033000,400848900,409602000,408710800,423756500,NA,NA,NA,NA,0.0537015251893587,50.7890586471746,NA,NA,98.0764,96.6598,NA,388574700,402159900
"Japan",1990,216674000,429860400,440125000,429860400,447369900,NA,NA,NA,NA,0.0557239829949512,49.230105083783,NA,NA,100,98.3806,NA,408710800,423756500
"Japan",1991,224591000,458702000,468234000,447278900,462242000,NA,NA,NA,NA,0.0332434077482637,47.9655471409594,NA,NA,102.5539,101.2963,NA,429860400,447369900
"Japan",1992,239351000,471213100,480492000,452308900,466027900,NA,NA,NA,NA,0.00819029858818543,49.8137325907611,NA,NA,104.1795,103.1037,NA,447278900,462242000
"Japan",1993,267879000,475021400,484234000,452313500,466825100,NA,NA,NA,NA,0.00171062719635451,55.3201551316099,NA,NA,105.0204,103.7292,NA,452308900,466027900
"Japan",1994,291721000,478717500,486552000,456350700,470856500,NA,NA,NA,NA,0.00863578243757668,59.9567980400862,NA,NA,104.9012,103.3334,NA,452313500,466825100
"Japan",1995,326353000,483596900,493588000,465036500,479716400,NA,NA,NA,NA,0.018816560884261,66.1185036913377,NA,NA,103.9912,102.8916,NA,456350700,470856500
"Japan",1996,355169000,501282300,504262000,487374300,492367900,NA,NA,NA,NA,0.0263728736395086,70.4334254811983,NA,NA,102.8537,102.4157,NA,465036500,479716400
"Japan",1997,388146000,508000500,515249000,494032000,500066400,NA,NA,NA,NA,0.0156356659319179,75.3317328126789,NA,NA,102.8274,103.0361,NA,487374300,492367900
"Japan",1998,437555000,497101000,504843000,481312300,489820700,NA,NA,NA,NA,-0.0204886791034151,86.6714998524294,NA,NA,103.2803,103.0669,NA,494032000,500066400
"Japan",1999,489370000,NA,497629000,NA,489130000,NA,NA,NA,NA,-0.00141010782108641,98.3403298441208,NA,NA,NA,101.7376,NA,481312300,489820700
"Japan",2000,535587000,NA,502990000,NA,503119800,NA,NA,NA,NA,0.0286013943123504,106.480645738484,NA,NA,NA,99.9742,NA,NA,489130000
"Japan",2001,607312000,NA,497720000,NA,504047500,NA,NA,NA,NA,0.0018438948337951,122.018805754239,NA,NA,NA,98.7447,NA,NA,503119800
"Japan",2002,643194500,NA,491312000,NA,505369400,NA,NA,NA,NA,0.00262257029347435,130.913655681115,NA,NA,NA,97.2184,NA,NA,504047500
"Japan",2003,670121200,NA,490294000,NA,512513000,NA,NA,NA,NA,0.014135402737087,136.677422118158,NA,NA,NA,95.6647,NA,NA,505369400
"Japan",2004,751106500,NA,498328000,NA,526577700,NA,NA,NA,NA,0.0274426209676633,150.725325488433,NA,NA,NA,94.6352,NA,NA,512513000
"Japan",2005,813183000,NA,501734000,NA,536762200,NA,NA,NA,NA,0.0193409253753054,162.074525545409,NA,NA,NA,93.4742,NA,NA,526577700
"Japan",2006,832263100,NA,507365000,NA,547709300,NA,NA,NA,NA,0.020394692472756,164.036364353079,NA,NA,NA,92.634,NA,NA,536762200
"Japan",2007,838005000,NA,515805000,NA,560511000,NA,NA,NA,NA,0.0233731652904197,162.46546660075,NA,NA,NA,92.0241,NA,NA,547709300
"Japan",2008,846691000,NA,507371000,NA,556558000,NA,NA,NA,NA,-0.00705249317140966,166.87808329605,NA,NA,NA,91.1623,NA,NA,560511000
"Japan",2009,869963000,NA,479289380,NA,526674372,NA,NA,NA,NA,-0.0536936455859048,181.511011155724,NA,NA,NA,91.003,NA,NA,556558000
"Netherlands",1956,7.5,NA,14.521,81654,NA,NA,NA,NA,NA,0.0367577038814613,51.6493354452173,NA,NA,NA,NA,NA,78759,NA
"Netherlands",1957,7.3,NA,15.746,83950,NA,NA,NA,NA,NA,0.0281186469738164,46.3609805664931,NA,NA,NA,NA,NA,81654,NA
"Netherlands",1958,7.5,NA,15.928,83701,NA,NA,NA,NA,NA,-0.00296605122096483,47.0868910095429,NA,NA,NA,NA,NA,83950,NA
"Netherlands",1959,7.6,NA,16.971,87793,NA,NA,NA,NA,NA,0.0488883047992259,44.7822756466914,NA,NA,NA,NA,NA,83701,NA
"Netherlands",1960,7.8,NA,18.968,95180,NA,NA,NA,NA,NA,0.0841411046438783,41.1218894981021,NA,NA,NA,NA,NA,87793,NA
"Netherlands",1961,7.8,NA,20.057,95455,NA,NA,NA,NA,NA,0.00288926245009447,38.8891658772498,NA,NA,NA,NA,NA,95180,NA
"Netherlands",1962,7.6,NA,21.6,101993,NA,NA,NA,NA,NA,0.0684930071761563,35.1851851851852,NA,NA,NA,NA,NA,95455,NA
"Netherlands",1963,8.1,NA,23.415,105686,NA,NA,NA,NA,NA,0.0362083672408891,34.5932094811019,NA,NA,NA,NA,NA,101993,NA
"Netherlands",1964,8.2,NA,27.544,114446,NA,NA,NA,NA,NA,0.0828870427492761,29.770548939878,NA,NA,NA,NA,NA,105686,NA
"Netherlands",1965,8.7,NA,30.767,120435,NA,NA,NA,NA,NA,0.0523303566747637,28.2770500861312,NA,NA,NA,NA,NA,114446,NA
"Netherlands",1966,9.4,NA,33.489,123754,NA,NA,NA,NA,NA,0.027558434010047,28.0689181522291,NA,NA,NA,NA,NA,120435,NA
"Netherlands",1967,10.8,NA,36.756,130267,NA,NA,NA,NA,NA,0.0526286019037769,29.382957884427,NA,NA,NA,NA,NA,123754,NA
"Netherlands",1968,11.8,NA,40.749,138627,NA,NA,NA,NA,NA,0.0641758849132934,28.9577658347444,NA,NA,NA,NA,NA,130267,NA
"Netherlands",1969,12.4,NA,51.853,147552,NA,NA,NA,NA,NA,0.0643813975632452,23.9137561953985,NA,NA,NA,NA,NA,138627,NA
"Netherlands",1970,13.6,NA,58.136,155955,NA,NA,NA,NA,NA,0.0569494144437215,23.3934223200771,NA,NA,NA,NA,NA,147552,NA
"Netherlands",1971,13.9,NA,65.638,162539,NA,NA,NA,NA,NA,0.0422173062742457,21.1767573661598,NA,NA,NA,NA,NA,155955,NA
"Netherlands",1972,14.1,NA,73.531,167919,NA,NA,NA,NA,NA,0.0330997483680839,19.1755858073466,NA,NA,NA,NA,NA,162539,NA
"Netherlands",1973,14.4,NA,84.167,175791,NA,NA,NA,NA,NA,0.0468797455916246,17.1088431332945,NA,NA,NA,NA,NA,167919,NA
"Netherlands",1974,15.9,NA,95.495,182763,NA,NA,NA,NA,NA,0.0396607334846495,16.6500863919577,NA,NA,NA,NA,NA,175791,NA
"Netherlands",1975,18.7,NA,105.419,182596,NA,NA,NA,NA,NA,-0.000913751689346265,17.738737798689,NA,NA,NA,NA,NA,182763,NA
"Netherlands",1976,22.4,NA,119.846,191194,NA,NA,NA,NA,NA,0.0470875594207978,18.6906530046894,NA,NA,NA,NA,NA,182596,NA
"Netherlands",1977,25.3,NA,130.956,196392,NA,NA,NA,NA,NA,0.0271870456185863,19.3194660802101,NA,NA,NA,NA,NA,191194,NA
"Netherlands",1978,29.2,NA,141.323,201024,NA,NA,NA,NA,NA,0.0235854820970305,20.6618880153974,NA,NA,NA,NA,NA,196392,NA
"Netherlands",1979,34,NA,149.821,205501,NA,NA,NA,NA,NA,0.0222709726201846,22.6937478724611,NA,NA,NA,NA,NA,201024,NA
"Netherlands",1980,41.9,NA,160.721,207979,247.786,NA,NA,NA,NA,0.0120583354825523,26.0700219635269,NA,NA,NA,64.863,NA,205501,NA
"Netherlands",1981,51.4,NA,168.529,206925,246.513,NA,NA,NA,NA,-0.00513749767944915,30.4992019177708,NA,NA,NA,68.365,NA,207979,247.786
"Netherlands",1982,64.1,NA,175.351,204517,243.35,NA,NA,NA,NA,-0.0128309663182063,36.5552520373422,NA,NA,NA,72.057,NA,206925,246.513
"Netherlands",1983,77.8,NA,182.18,208014,247.628,NA,NA,NA,NA,0.0175796178343948,42.7050170161379,NA,NA,NA,73.57,NA,204517,243.35
"Netherlands",1984,91.1,NA,190.493,214854,255.352,NA,NA,NA,NA,0.0311919492141439,47.8232795955757,NA,NA,NA,74.6,NA,208014,247.628
"Netherlands",1985,102.4,NA,199.073,221470,262.135,NA,NA,NA,NA,0.0265633321845922,51.4384170630874,NA,NA,NA,75.943,NA,214854,255.352
"Netherlands",1986,106.7,NA,205.499,227570,270.326,NA,NA,NA,NA,0.0312472580922045,51.9223937829381,NA,NA,NA,76.019,NA,221470,262.135
"Netherlands",1987,112.5,NA,207.837,230788,275.329,NA,NA,NA,NA,0.0185072837980809,54.128956826744,NA,NA,NA,75.487,NA,227570,270.326
"Netherlands",1988,122.9,NA,216.042,236824,283.535,NA,NA,NA,NA,0.0298043431676287,56.8870867701651,NA,NA,NA,76.196,NA,230788,275.329
"Netherlands",1989,131.7,NA,228.96,247906,297.101,NA,NA,NA,NA,0.0478459449450683,57.520964360587,NA,NA,NA,77.065,NA,236824,283.535
"Netherlands",1990,142.3,NA,243.561,258094,309.177,NA,NA,NA,NA,0.0406461102453375,58.4247888619278,NA,NA,NA,78.777,NA,247906,297.101
"Netherlands",1991,152,NA,256.547,263955.295,316.613,NA,NA,NA,NA,0.0240509481623794,59.2484028267725,NA,NA,NA,81.029,NA,258094,309.177
"Netherlands",1992,161.6,NA,266.472,269301.656,321.329,NA,NA,NA,NA,0.0148951559158974,60.6442703173317,NA,NA,NA,82.928,NA,263955.295,316.613
"Netherlands",1993,167.3,NA,273.242,271352.437,323.422,NA,NA,NA,NA,0.00651357331582281,61.227776110554,NA,NA,NA,84.485,NA,269301.656,321.329
"Netherlands",1994,166.9,NA,287.517,277719.471,332.686,NA,NA,NA,NA,0.0286436915237676,58.048741465722,NA,NA,NA,86.423,NA,271352.437,323.422
"Netherlands",1995,179.9,NA,305.261,286142.838,342.777,NA,NA,NA,NA,0.030331904558653,58.9331752172731,NA,NA,NA,89.055,NA,277719.471,332.686
"Netherlands",1996,184.4,NA,319.755,294839.73,354.452,NA,NA,NA,NA,0.0340600448688215,57.6691529452237,NA,NA,NA,90.211,NA,286142.838,342.777
"Netherlands",1997,184.5,NA,342.237,306157.361,369.617,NA,NA,NA,NA,0.0427843544400934,53.9100097300993,NA,NA,NA,92.592,NA,294839.73,354.452
"Netherlands",1998,188.5,NA,362.464,323975,384.119,NA,NA,NA,NA,0.0392352083372789,52.0051646508343,NA,NA,NA,94.362,NA,306157.361,369.617
"Netherlands",1999,189.7,NA,386.193,339125,402.113,NA,NA,NA,NA,0.0468448579737009,49.1205174614765,NA,NA,NA,96.041,NA,323975,384.119
"Netherlands",2000,179.7,NA,417.96,352541,417.96,NA,NA,NA,NA,0.0394093202656964,42.9945449325294,NA,NA,NA,100,NA,339125,402.113
"Netherlands",2001,180.2,NA,447.731,359326,426.009,NA,NA,NA,NA,0.0192578237151881,40.247380681704,NA,NA,NA,105.099,NA,352541,417.96
"Netherlands",2002,188.1,NA,465.214,359553,426.334,NA,NA,NA,NA,0.000762894680628845,40.4330050256441,NA,NA,NA,109.12,NA,359326,426.009
"Netherlands",2003,202.8,NA,476.945,360759,427.765,NA,NA,NA,NA,0.00335652328925207,42.5206260679953,NA,NA,NA,111.497,NA,359553,426.334
"Netherlands",2004,214.9,NA,491.184,368824,437.332,NA,NA,NA,NA,0.0223650836323683,43.7514251278543,NA,NA,NA,112.314,NA,360759,427.765
"Netherlands",2005,220.5,NA,513.407,374401,446.282,NA,NA,NA,NA,0.0204650014176873,42.948382082831,NA,NA,NA,115.041,NA,368824,437.332
"Netherlands",2006,211.6,NA,540.216,385709,461.43,NA,NA,NA,NA,0.0339426640554628,39.1695173782339,NA,NA,NA,117.074,NA,374401,446.282
"Netherlands",2007,216,NA,568.664,NA,478.102,NA,NA,NA,NA,0.0361311574886765,37.9837654572823,NA,NA,NA,118.942,NA,385709,461.43
"Netherlands",2008,299.7,NA,595.883,NA,487.644,NA,NA,NA,NA,0.0199580842581708,50.2951082678982,NA,NA,NA,122.196,NA,NA,478.102
"Netherlands",2009,290.23,NA,574.992,NA,467.296,NA,NA,NA,NA,-0.0417271616179016,50.4754848763113,NA,NA,NA,123.047,NA,NA,487.644
"New Zealand",1946,1140.463,851,NA,12596.799,NA,NA,0.409769,NA,NA,0.0771131982204647,134.014453584019,NA,NA,NA,NA,NA,11694.963,NA
"New Zealand",1947,1160.943,964,NA,14099.859,NA,NA,5.453982,NA,NA,0.119320789352914,120.429771784232,NA,NA,NA,NA,NA,12596.799,NA
"New Zealand",1948,1160.339,978,990,12700.857,NA,NA,8.189376,NA,NA,-0.0992209922099221,117.20595959596,NA,NA,NA,NA,NA,14099.859,NA
"New Zealand",1949,1234.153,1101,1107,14070.954,NA,NA,1.944453,NA,NA,0.107874374146564,111.486269196025,NA,NA,NA,NA,NA,12700.857,NA
"New Zealand",1950,1234.153,1396,1408,16136,NA,NA,6.891073,NA,NA,0.146759487665158,87.6529119318182,NA,NA,NA,NA,NA,14070.954,NA
"New Zealand",1951,1338.649,1446,1459,14904,NA,NA,11.413115,NA,NA,-0.0763510163609321,91.7511309115833,NA,NA,NA,NA,NA,16136,NA
"New Zealand",1952,1311.507,1517,1528,15552,NA,NA,6.721513,NA,NA,0.0434782608695652,85.831609947644,NA,NA,NA,NA,NA,14904,NA
"New Zealand",1953,1339.559,1681,1690,16084,NA,NA,4.916231,NA,NA,0.0342078189300412,79.2638461538461,NA,NA,NA,NA,NA,15552,NA
"New Zealand",1954,1412.923,1860,1877,18298,NA,NA,3.470316,NA,NA,0.137652325292216,75.2755993606819,NA,NA,NA,NA,NA,16084,NA
"New Zealand",1955,1461.368,1965,1979,18639,NA,NA,2.749981,NA,NA,0.0186359164936059,73.8437594744821,NA,NA,NA,NA,NA,18298,NA
"New Zealand",1956,1470.402,2061,2078,19605,NA,NA,3.544891,NA,NA,0.0518268147432803,70.7604427333975,NA,NA,NA,NA,NA,18639,NA
"New Zealand",1957,1514.238,2184,2225,20165,NA,NA,1.831888,NA,NA,0.0285641418005611,68.0556404494382,NA,NA,NA,NA,NA,19605,NA
"New Zealand",1958,1564.222,2270,2321,20957,NA,NA,5.43176,NA,NA,0.0392759732209274,67.3943127962085,NA,NA,NA,NA,NA,20165,NA
"New Zealand",1959,1633.104,2434,2482,22449,NA,NA,2.562357,NA,NA,0.071193396001336,65.7979049153908,NA,NA,NA,NA,NA,20957,NA
"New Zealand",1960,1689.032,2623,2687,22449,NA,NA,1.326693,NA,NA,0,62.8593970971343,NA,NA,NA,NA,NA,22449,NA
"New Zealand",1961,1736.346,2723,2783,23704,NA,NA,1.907587,NA,NA,0.0559044946322775,62.3911606180381,NA,NA,NA,NA,NA,22449,NA
"New Zealand",1962,1807.688,2921,2999,24215,NA,NA,2.412402,NA,NA,0.0215575430307122,60.2763587862621,NA,NA,NA,NA,NA,23704,NA
"New Zealand",1963,1934.286,3196,3273,25749,NA,NA,1.900066,NA,NA,0.0633491637414825,59.0982584784601,NA,NA,NA,NA,NA,24215,NA
"New Zealand",1964,2021.744,3487,3589,27004,NA,NA,4.09182,NA,NA,0.0487397568837624,56.331680133742,NA,NA,NA,NA,NA,25749,NA
"New Zealand",1965,2139.582,3744,3877,28724,NA,NA,2.768289,NA,NA,0.0636942675159236,55.1865359814289,NA,NA,NA,NA,NA,27004,NA
"New Zealand",1966,2255.966,3886,4039,30536,NA,NA,2.761003,NA,NA,0.0630831360534745,55.8545679623669,NA,NA,NA,NA,NA,28724,NA
"New Zealand",1967,2411.954,4055,4183,29142,NA,NA,6.27061,NA,NA,-0.0456510348441184,57.6608654076022,NA,NA,NA,NA,NA,30536,NA
"New Zealand",1968,2616.569,4355,4436,29095,NA,NA,4.387171,NA,NA,-0.00161279253311375,58.9848737601443,NA,NA,NA,NA,NA,29142,NA
"New Zealand",1969,2776.48,4809,5134,32099,NA,NA,4.950347,NA,NA,0.103247980752707,54.0802493182704,NA,NA,NA,NA,NA,29095,NA
"New Zealand",1970,2877.113,5534,5832,31644,NA,NA,7.350883,NA,NA,-0.0141748964142185,49.3332133058985,NA,NA,NA,NA,NA,32099,NA
"New Zealand",1971,3006.962,6452,6874,33285,NA,NA,10.254333,NA,NA,0.0518581721653395,43.7439918533605,NA,NA,NA,NA,NA,31644,NA
"New Zealand",1972,3159,7498,7901,34711,NA,NA,6.139012,NA,NA,0.0428421210755596,39.982280723959,NA,NA,NA,NA,NA,33285,NA
"New Zealand",1973,3475,8636,9199,37177,NA,NA,8.751174,NA,NA,0.0710437613436663,37.7758452005653,NA,NA,NA,NA,NA,34711,NA
"New Zealand",1974,3639,9452,10095,39390,NA,NA,11.830412,NA,NA,0.0595260510530704,36.0475482912333,NA,NA,NA,NA,NA,37177,NA
"New Zealand",1975,4179,NA,11668,38937,NA,NA,14.77278,NA,NA,-0.0115003808073115,35.8159067535139,NA,NA,NA,NA,NA,39390,NA
"New Zealand",1976,5552,NA,14101,39887,NA,NA,16.640842,NA,NA,0.0243983871381976,39.3730941068009,NA,NA,NA,NA,NA,38937,NA
"New Zealand",1977,6283,NA,14970,37944,NA,NA,14.786735,NA,NA,-0.0487126131320982,41.9706078824315,NA,NA,NA,NA,NA,39887,NA
"New Zealand",1978,7478,NA,16958,38097,NA,NA,11.212224,NA,NA,0.00403225806451624,44.0971812713763,NA,NA,NA,NA,NA,37944,NA
"New Zealand",1979,8814,NA,19795,38874,NA,NA,14.579767,NA,NA,0.0203953067170644,44.5263955544329,NA,NA,NA,NA,NA,38097,NA
"New Zealand",1980,10341,NA,22992,39141,NA,NA,17.079,NA,NA,1.009,44.9765135699374,NA,NA,NA,NA,NA,38874,NA
"New Zealand",1981,11611,NA,27891,41041,NA,NA,15.451,NA,NA,2.961,41.629916460507,NA,NA,NA,NA,NA,39141,NA
"New Zealand",1982,14375,NA,31409,41809,NA,NA,16.126,NA,NA,2.878,45.7671368079213,NA,NA,NA,NA,NA,41041,NA
"New Zealand",1983,18727,NA,34839,42955,NA,NA,7.445,NA,NA,-0.124,53.7529779844427,NA,NA,NA,NA,NA,41809,NA
"New Zealand",1984,21873,NA,39346,45072,NA,NA,6.129,NA,NA,6.858,55.591419712296,NA,NA,NA,NA,NA,42955,NA
"New Zealand",1985,28240,NA,45282,45420,NA,NA,15.38,NA,NA,1.213,62.3647365399055,NA,NA,NA,NA,NA,45072,NA
"New Zealand",1986,31996,NA,55848,46372,NA,NA,13.221,NA,NA,1.81,57.2912190230626,NA,NA,NA,NA,NA,45420,NA
"New Zealand",1987,42466,NA,62655,46564,NA,NA,15.762,NA,NA,0.754,67.7775117708084,NA,NA,NA,NA,NA,46372,NA
"New Zealand",1988,39068,NA,68017,46435,NA,NA,6.351,NA,NA,-0.022,57.4385815310878,NA,NA,NA,NA,NA,46564,NA
"New Zealand",1989,39716,NA,71865,46850,NA,NA,5.738,NA,NA,0.846,55.2647324845196,NA,NA,NA,NA,NA,46435,NA
"New Zealand",1990,44343,NA,73152,46729,NA,NA,6.091,NA,NA,0.056,60.6176181102362,NA,NA,NA,NA,NA,46850,NA
"New Zealand",1991,43935,NA,72936,46112.652891,NA,NA,2.61,NA,NA,-1.677,60.2377426785127,NA,NA,NA,NA,NA,46729,NA
"New Zealand",1992,46674,NA,75246,46620.952084,NA,NA,0.983,NA,NA,0.771,62.0285463679132,NA,NA,NA,NA,NA,46112.652891,NA
"New Zealand",1993,47478,NA,81387,49627.334173,NA,NA,1.31,NA,NA,5.195,58.3360979026134,NA,NA,NA,NA,NA,46620.952084,NA
"New Zealand",1994,46429,NA,87639,52253.609511,NA,NA,1.757,NA,NA,5.859,52.9775556544461,NA,NA,NA,NA,NA,49627.334173,NA
"New Zealand",1995,44096,NA,93420,54413.49058,NA,NA,3.746,NA,NA,4.337,47.2018839648897,NA,NA,NA,NA,NA,52253.609511,NA
"New Zealand",1996,41500,NA,97961,56332.606852,NA,NA,2.292,NA,NA,4.019,42.3637978379151,NA,NA,NA,NA,NA,54413.49058,NA
"New Zealand",1997,35972,NA,101619,57150.937851,NA,NA,1.197,NA,NA,2.163,35.3988919394995,NA,NA,NA,NA,NA,56332.606852,NA
"New Zealand",1998,37892,NA,103391,57449,NA,NA,1.274,NA,NA,-0.048,36.6492247874573,NA,NA,NA,NA,NA,57150.937851,NA
"New Zealand",1999,36712,NA,109639,60453,NA,NA,-0.15,NA,NA,4.329,33.4844352830653,NA,NA,NA,NA,NA,57449,NA
"New Zealand",2000,36041,NA,115906,61766,NA,NA,2.639,NA,NA,3.83,31.0950252791055,NA,NA,NA,NA,NA,60453,NA
"New Zealand",2001,36761,NA,124644,64000,NA,NA,2.63,NA,NA,2.614,29.4927954815314,NA,NA,NA,NA,NA,61766,NA
"New Zealand",2002,36202,NA,131006,66930,NA,NA,2.648,NA,NA,4.926,27.6338488313512,NA,NA,NA,NA,NA,64000,NA
"New Zealand",2003,36086,NA,139938,69243,NA,NA,1.748,NA,NA,4.135,25.7871343023339,NA,NA,NA,NA,NA,66930,NA
"New Zealand",2004,35527,NA,149946,71790,NA,NA,2.317,NA,NA,4.536,23.6931962173049,NA,NA,NA,NA,NA,69243,NA
"New Zealand",2005,35045,NA,157355,73178,NA,NA,3.038,NA,NA,2.813,22.271297384894,NA,NA,NA,NA,NA,71790,NA
"New Zealand",2006,35461,NA,166108,74565,NA,NA,3.362,NA,NA,1.954,21.3481590290654,NA,NA,NA,NA,NA,73178,NA
"New Zealand",2007,31211.8,NA,178098,NA,NA,NA,2.377,NA,NA,3.193,17.5250704668216,NA,NA,NA,NA,NA,74565,NA
"New Zealand",2008,31913.9,NA,179912,NA,NA,NA,3.959,NA,NA,0.194,17.7386166570323,NA,NA,NA,NA,NA,NA,NA
"New Zealand",2009,43356,NA,178753,NA,NA,NA,1.53,NA,NA,-2.175,24.2546978232533,NA,NA,NA,NA,NA,NA,NA
"Norway",1946,7005,10778,NA,176392,NA,NA,NA,NA,NA,0.102012700697625,64.9935052885508,NA,NA,6.11,NA,NA,160063.491,NA
"Norway",1947,6737.9,12687,NA,200316,NA,NA,NA,NA,NA,0.135629733774774,53.1086939386774,NA,NA,6.333,NA,NA,176392,NA
"Norway",1948,6330.3,13904,NA,214241,NA,NA,NA,NA,NA,0.0695151660376605,45.5286248561565,NA,NA,6.49,NA,NA,200316,NA
"Norway",1949,6210.5,14917,13657,219955,NA,NA,NA,NA,NA,0.0266708986608539,45.4748480632643,NA,NA,6.782,NA,NA,214241,NA
"Norway",1950,4752.8,16425,15073,230667,NA,NA,NA,NA,NA,0.0487008706326295,31.5318781927951,NA,NA,7.121,NA,NA,219955,NA
"Norway",1951,4943.4,20456,18765,243164,NA,NA,NA,NA,NA,0.054177667373313,26.343725019984,NA,NA,8.412,NA,NA,230667,NA
"Norway",1952,4933.3,22564,20732,251734,NA,NA,NA,NA,NA,0.0352437038377391,23.7955817094347,NA,NA,8.963,NA,NA,243164,NA
"Norway",1953,5455.3,22884,21013,261732,NA,NA,NA,NA,NA,0.0397165261744541,25.9615476133822,NA,NA,8.743,NA,NA,251734,NA
"Norway",1954,5970.9,24806,22799,274943,NA,NA,NA,NA,NA,0.0504752953402716,26.1893065485328,NA,NA,9.022,NA,NA,261732,NA
"Norway",1955,6482.5,26376,24278,281013,NA,NA,NA,NA,NA,0.0220773032955921,26.7011285937886,NA,NA,9.386,NA,NA,274943,NA
"Norway",1956,7376.5,29747,27462,296010,NA,NA,NA,NA,NA,0.0533676377961161,26.8607530405651,NA,NA,10.049,NA,NA,281013,NA
"Norway",1957,8232.3,31775,29248,304937,NA,NA,NA,NA,NA,0.0301577649403737,28.1465399343545,NA,NA,10.42,NA,NA,296010,NA
"Norway",1958,8312.6,31919,29207,304937,NA,NA,NA,NA,NA,0,28.4609853802171,NA,NA,10.467,NA,NA,304937,NA
"Norway",1959,9255.8,33946,30958,317791,NA,NA,NA,NA,NA,0.0421529693018559,29.8979262226242,NA,NA,10.682,NA,NA,304937,NA
"Norway",1960,9739.2,33058,33058,335672,NA,NA,NA,NA,NA,0.0562665399586522,29.4609474257366,NA,NA,9.848,NA,NA,317791,NA
"Norway",1961,9853.1,36062,39245,356711,NA,NA,NA,NA,NA,0.062677256369313,25.1066377882533,NA,NA,10.11,NA,NA,335672,NA
"Norway",1962,10267.6,38843,42295,366756,NA,NA,NA,NA,NA,0.0281600511338311,24.2761555739449,NA,NA,10.591,NA,NA,356711,NA
"Norway",1963,10490.9,41682,45661,380782,NA,NA,NA,NA,NA,0.0382434097874336,22.9756247125556,NA,NA,10.946,NA,NA,366756,NA
"Norway",1964,11111.3,45837,50334,399736,NA,NA,NA,NA,NA,0.0497765125452359,22.0751380776414,NA,NA,11.467,NA,NA,380782,NA
"Norway",1965,11448,45837,55828,420964,NA,NA,NA,NA,NA,0.0531050493325596,20.5058393637601,NA,NA,10.889,NA,NA,399736,NA
"Norway",1966,12143,50563,54569,436885,NA,NA,NA,NA,NA,0.0378203361807661,22.2525609778446,NA,NA,11.574,NA,NA,420964,NA
"Norway",1967,13792,54568,59700,464179,NA,NA,NA,NA,NA,0.0624741064582213,23.1021775544389,NA,NA,11.756,NA,NA,436885,NA
"Norway",1968,14722,63749,63750,474603,NA,NA,NA,NA,NA,0.0224568539291954,23.0933333333333,NA,NA,13.432,NA,NA,464179,NA
"Norway",1969,15823,69418,69418,496021,NA,NA,NA,NA,NA,0.0451282440271132,22.7937998789939,NA,NA,13.995,NA,NA,474603,NA
"Norway",1970,18879,91100,79877,505877,NA,NA,NA,NA,NA,0.0198701264664198,23.6350889492595,NA,NA,18.008,NA,NA,496021,NA
"Norway",1971,21653,101825,89105,531831,NA,NA,NA,NA,NA,0.0513049614827319,24.3005443016666,NA,NA,19.146,NA,NA,505877,NA
"Norway",1972,25672,112821,98406,558918,NA,NA,NA,NA,NA,0.0509315929308372,26.0878401723472,NA,NA,20.186,NA,NA,531831,NA
"Norway",1973,29521,127974,111852,583584,NA,NA,NA,NA,NA,0.0441316973151697,26.3929120623681,NA,NA,21.929,NA,NA,558918,NA
"Norway",1974,33943,148322,129730,608049,NA,NA,NA,NA,NA,0.0419219855239348,26.1643413242889,NA,NA,24.393,NA,NA,583584,NA
"Norway",1975,41082,169896,148702,639837,NA,NA,NA,NA,NA,0.0522786814878407,27.6270662129628,NA,NA,26.553,NA,NA,608049,NA
"Norway",1976,50229,193812,170709,677351,NA,NA,NA,NA,NA,0.0586305574701056,29.4237562167197,NA,NA,28.613,NA,NA,639837,NA
"Norway",1977,66748,218484,191532,706257,NA,NA,NA,NA,NA,0.04267506802234,34.8495290604181,NA,NA,30.935,NA,NA,677351,NA
"Norway",1978,85979,239951,241225,730889,NA,NA,NA,NA,NA,0.0348768224598128,35.6426572701834,NA,NA,32.83,NA,NA,706257,NA
"Norway",1979,102740,264802,266107,763642,NA,NA,NA,NA,NA,0.0448125501957206,38.6085296516063,NA,NA,34.676,NA,NA,730889,NA
"Norway",1980,106903,314363,314698,801438,1025780,NA,NA,NA,NA,0.0494943965889776,33.9700284081882,NA,NA,39.225,30.679,NA,763642,NA
"Norway",1981,107658,358176,360827,809180,1041654,NA,NA,NA,NA,0.015475053130301,29.8364590232993,NA,NA,44.264,34.64,NA,801438,1025780
"Norway",1982,103796,396186,399185,810868,1042956,NA,NA,NA,NA,0.00124993519921213,26.0019790322783,NA,NA,48.859,38.274,NA,809180,1041654
"Norway",1983,92404,439023,443475,839904,1083286,NA,NA,NA,NA,0.03866893713637,20.836349286882,NA,NA,52.271,40.938,NA,810868,1042956
"Norway",1984,115802,494457,498656,889515,1147136,NA,NA,NA,NA,0.0589410368083774,23.2228229480845,NA,NA,55.587,43.47,NA,839904,1083286
"Norway",1985,142390,547286,552432,935763,1208554,NA,NA,NA,NA,0.0535402951350146,25.7751180235758,NA,NA,58.486,45.71,NA,889515,1147136
"Norway",1986,194284,561842,570893,969447,1257350,NA,NA,NA,NA,0.040375523145842,34.0315961134573,NA,NA,57.955,45.404,NA,935763,1208554
"Norway",1987,165246,613157,622867,989371,1279731,NA,NA,NA,NA,0.0178001352049946,26.5299012469757,NA,NA,61.974,48.672,NA,969447,1257350
"Norway",1988,166469,643375,652073,988945,1277519,NA,NA,NA,NA,-0.00172848825260929,25.5291968843979,NA,NA,65.057,51.042,NA,989371,1279731
"Norway",1989,176426,686034,695771,998403,1290263,NA,NA,NA,NA,0.00997558549031363,25.3569062234557,NA,NA,68.713,53.925,NA,988945,1277519
"Norway",1990,164867,726799,736295,1019224,1315133,NA,NA,NA,NA,0.019275140029591,22.3914327816976,NA,NA,71.309,55.986,NA,998403,1290263
"Norway",1991,177961,769782,775727,1056082,1355963,NA,NA,NA,NA,0.0310462896148147,22.9411893617213,NA,NA,72.89,57.209,NA,1019224,1315133
"Norway",1992,217023,790300,797314,1090933,1403735,NA,NA,NA,NA,0.035231049814781,27.2192636777982,NA,NA,72.443,56.799,NA,1056082,1355963
"Norway",1993,296365,830416,838297,1120664,1442852,NA,NA,NA,NA,0.0278663707893585,35.3532220680737,NA,NA,74.1,58.1,NA,1090933,1403735
"Norway",1994,290201,873410,878806,1179569,1515736,NA,NA,NA,NA,0.0505138434156795,33.022191473431,NA,NA,74.045,57.979,NA,1120664,1442852
"Norway",1995,290744,937445,943437,1230967,1579190,NA,NA,NA,NA,0.0418634907398121,30.8175320662641,NA,NA,76.155,59.742,NA,1179569,1515736
"Norway",1996,284833,1026924,1032990,1295644,1659725,NA,NA,NA,NA,0.0509976633590639,27.5736454370323,NA,NA,79.26,62.239,NA,1230967,1579190
"Norway",1997,276179,1111349,1119180,1362871,1749228,NA,NA,NA,NA,0.0539264034704545,24.6769063064029,NA,NA,81.545,63.981,NA,1295644,1659725
"Norway",1998,253689,1132134,1140360,1398708,1796156,NA,NA,NA,NA,0.0268278349077422,22.2463958749868,NA,NA,80.941,63.489,NA,1362871,1749228
"Norway",1999,258785,1233039,1240430,1428546,1832542,NA,NA,NA,NA,0.0202577059008238,20.8625234797611,NA,NA,86.314,67.689,NA,1398708,1796156
"Norway",2000,285908,1469075,1481240,1469075,1892165,NA,NA,NA,NA,0.0325356799462169,19.3019362156031,NA,NA,100,78.283,NA,1428546,1832542
"Norway",2001,278681,1526233,1536890,1509127,1929822,NA,NA,NA,NA,0.0199015413560657,18.1327876425769,NA,NA,101.134,79.639,NA,1469075,1892165
"Norway",2002,291027,1522176,1532310,1529905,1958809,NA,NA,NA,NA,0.015020556300011,18.9926973001547,NA,NA,99.495,78.227,NA,1509127,1929822
"Norway",2003,339832,1563689,1593830,1534486,1978662,NA,NA,NA,NA,0.0101352403424735,21.3217218900385,NA,NA,101.903,80.551,NA,1529905,1958809
"Norway",2004,320754,NA,1743040,NA,2055120,NA,NA,NA,NA,0.0386412636417943,18.4019873324766,NA,NA,NA,84.815,NA,1534486,1978662
"Norway",2005,334132,NA,1945720,NA,2111414,NA,NA,NA,NA,0.0273920744287439,17.1726661595707,NA,NA,NA,92.152,NA,NA,2055120
"Norway",2006,269363,NA,2159570,NA,2159573,NA,NA,NA,NA,0.0228088854199129,12.472992308654,NA,NA,NA,100,NA,NA,2111414
"Norway",2007,265348,NA,2277110,NA,2227256,NA,NA,NA,NA,0.0313409178573727,11.6528406620673,NA,NA,NA,102.238,NA,NA,2159573
"Norway",2008,349973,NA,2548320,NA,2274744,NA,NA,NA,NA,0.0213213029844797,13.7334793118604,NA,NA,NA,112.027,NA,NA,2227256
"Norway",2009,515352,NA,2379940,NA,2231372,NA,NA,NA,NA,-0.0190667609190309,21.653991277091,NA,NA,NA,106.658,NA,NA,2274744
"Spain",1946,66210,108187.516,NA,358021.264,NA,NA,NA,NA,NA,0.0415624967234915,61.1992977082494,NA,NA,30.218,NA,NA,343734.788,NA
"Spain",1947,69276,125709.344,NA,365124.459,NA,NA,NA,NA,NA,0.0198401483773321,55.1080753392524,NA,NA,34.429,NA,NA,358021.264,NA
"Spain",1948,75456,135688.969,NA,366153.929,NA,NA,NA,NA,NA,0.00281950434878975,55.609531530894,NA,NA,37.058,NA,NA,365124.459,NA
"Spain",1949,78370,145457.266,NA,366092.436,NA,NA,NA,NA,NA,-0.000167943029228068,53.8783672724881,NA,NA,39.732,NA,NA,366153.929,NA
"Spain",1950,82961,179484.016,NA,373622.967,NA,NA,NA,NA,NA,0.0205700261996127,46.2219432397813,NA,NA,48.039,NA,NA,366092.436,NA
"Spain",1951,91296,228459.031,NA,408017.755,NA,NA,NA,NA,NA,0.0920574778263028,39.9616507171476,NA,NA,55.992,NA,NA,373622.967,NA
"Spain",1952,97727,251201.438,NA,442965.855,NA,NA,NA,NA,NA,0.0856533804515442,38.9038378036674,NA,NA,56.709,NA,NA,408017.755,NA
"Spain",1953,109424,271524.563,NA,442838.611,NA,NA,NA,NA,NA,-0.000287254646297752,40.2998530928489,NA,NA,61.315,NA,NA,442965.855,NA
"Spain",1954,119163,314088.156,336800,474269.668,NA,NA,NA,NA,NA,0.0709763246005666,35.3809382422803,NA,NA,66.226,NA,NA,442838.611,NA
"Spain",1955,131890,339288.219,375800,490008.861,NA,NA,NA,NA,NA,0.0331861682539647,35.0957956359766,NA,NA,69.241,NA,NA,474269.668,NA
"Spain",1956,148146,419793.719,431600,530111.176,NA,NA,NA,NA,NA,0.0818399792162126,34.3248378127896,NA,NA,79.19,NA,NA,490008.861,NA
"Spain",1957,166812,489885.344,506000,547516.987,NA,NA,NA,NA,NA,0.0328342653164513,32.9667984189723,NA,NA,89.474,NA,NA,530111.176,NA
"Spain",1958,174601,581873.938,581700,581873.938,NA,NA,NA,NA,NA,0.0627504749911987,30.0156438026474,NA,NA,100,NA,NA,547516.987,NA
"Spain",1981,1850900,NA,17797700,NA,305865,NA,NA,NA,NA,-0.00407986506814972,10.3996583828247,NA,NA,NA,35.96,NA,NA,307118
"Spain",1982,2370800,NA,20467200,NA,309654,NA,NA,NA,NA,0.0123878181550685,11.583411507192,NA,NA,NA,40.807,NA,NA,305865
"Spain",1983,3029100,NA,23305000,NA,314771,NA,NA,NA,NA,0.0165248955285577,12.9976399914182,NA,NA,NA,45.824,NA,NA,309654
"Spain",1984,4663800,NA,26298100,NA,320116,NA,NA,NA,NA,0.0169805985938984,17.7343610374894,NA,NA,NA,50.493,NA,NA,314771
"Spain",1985,8879900,NA,29221600,NA,327676,NA,NA,NA,NA,0.0236164390408478,30.3881375420921,NA,NA,NA,54.978,NA,NA,320116
"Spain",1986,11787700,NA,33454400,NA,338922,NA,NA,NA,NA,0.0343204873106362,35.2351260222871,NA,NA,NA,60.614,NA,NA,327676
"Spain",1987,13560900,NA,37409000,NA,358271,NA,NA,NA,NA,0.0570898318787214,36.2503675586089,NA,NA,NA,64.003,NA,NA,338922
"Spain",1988,15278100,NA,41648200,NA,377204,NA,NA,NA,NA,0.0528454717239184,36.6836982150489,NA,NA,NA,67.436,NA,NA,358271
"Spain",1989,15432400,NA,46669900,NA,396079,NA,NA,NA,NA,0.0500392360632442,33.0671374911881,NA,NA,NA,72.026,NA,NA,377204
"Spain",1990,17924500,NA,51982700,NA,411314,NA,NA,NA,NA,0.0384645487390143,34.4816640920922,NA,NA,NA,77.324,NA,NA,396079
"Spain",1991,20515400,NA,57003500,NA,421702,NA,NA,NA,NA,0.0252556441064491,35.989719929478,NA,NA,NA,82.781,NA,NA,411314
"Spain",1992,22172300,NA,61394200,NA,425289,NA,NA,NA,NA,0.00850600661130363,36.1146492665431,NA,NA,NA,88.387,NA,NA,421702
"Spain",1993,25029600,NA,63517300,NA,419702,NA,NA,NA,NA,-0.0131369492274666,39.4059571171948,NA,NA,NA,93.349,NA,NA,425289
"Spain",1994,32890800,NA,67554500,NA,429500,NA,NA,NA,NA,0.0233451353579444,48.6878002205627,NA,NA,NA,96.707,NA,NA,419702
"Spain",1995,36287300,NA,74408700,NA,447205,NA,NA,NA,NA,0.0412223515715948,48.767550031112,NA,NA,NA,100,NA,NA,429500
"Spain",1996,41126300,NA,78842800,NA,458033,NA,NA,NA,NA,0.02421260942968,52.1624041764118,NA,NA,NA,103.454,NA,NA,447205
"Spain",1997,46764300,NA,83845400,NA,475738,NA,NA,NA,NA,0.0386544200963685,55.7744372380596,NA,NA,NA,105.924,NA,NA,458033
"Spain",1998,48944500,NA,87847600,NA,496998,NA,NA,NA,NA,0.0446884629775213,55.7152386633215,NA,NA,NA,108.55,NA,NA,475738
"Spain",1999,294737,NA,579942,NA,520582,NA,NA,NA,NA,0.0474529072551599,50.8218063185629,NA,NA,NA,111.403,NA,NA,496998
"Spain",2000,305300,NA,630263,NA,546886,NA,NA,NA,NA,0.0505280628219953,48.4400956426127,NA,NA,NA,115.246,NA,NA,520582
"Spain",2001,306922,NA,680678,NA,566820,NA,NA,NA,NA,0.0364500096912337,45.0906302245702,NA,NA,NA,120.087,NA,NA,546886
"Spain",2002,311961,NA,729206,NA,582146,NA,NA,NA,NA,0.0270385660350729,42.7809151323494,NA,NA,NA,125.262,NA,NA,566820
"Spain",2003,309135,NA,782929,NA,600179,NA,NA,NA,NA,0.0309767652788133,39.4844232363343,NA,NA,NA,130.449,NA,NA,582146
"Spain",2004,319154,NA,841042,NA,619784,NA,NA,NA,NA,0.0326652548656317,37.9474509001929,NA,NA,NA,135.699,NA,NA,600179
"Spain",2005,319162,NA,908792,NA,642192,NA,NA,NA,NA,0.0361545312560505,35.1193672479511,NA,NA,NA,141.514,NA,NA,619784
"Spain",2006,312457,NA,984284,NA,667991,NA,NA,NA,NA,0.0401733437974936,31.7445981037993,NA,NA,NA,147.35,NA,NA,642192
"Spain",2007,307168,NA,1052730,NA,691807,NA,NA,NA,NA,0.0356531749679263,29.1782318353234,NA,NA,NA,152.171,NA,NA,667991
"Spain",2008,358425,NA,1088500,NA,697727,NA,NA,NA,NA,0.00855729994059029,32.9283417547083,NA,NA,NA,156.007,NA,NA,691807
"Spain",2009,445558,NA,1047320,NA,671442,NA,NA,NA,NA,-0.0376723274289228,42.5426803651224,NA,NA,NA,155.981,NA,NA,697727
"Sweden",1946,11194.9,23696.2343,NA,9316.28745,NA,NA,NA,NA,NA,0.113994033107838,47.2433714921531,NA,NA,254.35276,NA,NA,8362.95992,NA
"Sweden",1947,11141.9,26393.38601,NA,10055.68809,NA,NA,NA,NA,NA,0.0793664476293074,42.214742722963,NA,NA,262.4722,NA,NA,9316.28745,NA
"Sweden",1948,11486.9,28833.181,NA,10288.55566,NA,NA,NA,NA,NA,0.0231577956591134,39.8391700173491,NA,NA,280.24518,NA,NA,10055.68809,NA
"Sweden",1949,11861.1,30209.45674,NA,10591.97813,NA,NA,NA,NA,NA,0.0294912600006287,39.262870901928,NA,NA,285.21072,NA,NA,10288.55566,NA
"Sweden",1950,12464,33094.95543,32066,11228.32796,NA,NA,NA,NA,NA,0.0600784690253133,38.8698309736169,NA,NA,294.74518,NA,NA,10591.97813,NA
"Sweden",1951,12823,40932.86781,39593,11562.60971,NA,NA,NA,NA,NA,0.0297712848423071,32.3870381127977,NA,NA,354.01063,NA,NA,11228.32796,NA
"Sweden",1952,12710,44508.02866,43159,11627.77771,NA,NA,NA,NA,NA,0.00563609787361741,29.4492458119975,NA,NA,382.7733,NA,NA,11562.60971,NA
"Sweden",1953,13852,45615.26782,44437,12096.89146,NA,NA,NA,NA,NA,0.0403442310043955,31.1722213470756,NA,NA,377.08256,NA,NA,11627.77771,NA
"Sweden",1954,15059,48552.72514,47279,12735.39725,NA,NA,NA,NA,NA,0.0527826336304087,31.8513504938768,NA,NA,381.24233,NA,NA,12096.89146,NA
"Sweden",1955,16081,52236.67897,50827,13093.36209,NA,NA,NA,NA,NA,0.0281078660502718,31.6386959686781,NA,NA,398.95543,NA,NA,12735.39725,NA
"Sweden",1956,16966,57005.97605,55241,13550.85737,NA,NA,NA,NA,NA,0.0349410087993678,30.7126952806792,NA,NA,420.68169,NA,NA,13093.36209,NA
"Sweden",1957,19095,61064.14411,58963,13968.53604,NA,NA,NA,NA,NA,0.0308230437820629,32.3847158387463,NA,NA,437.15493,NA,NA,13550.85737,NA
"Sweden",1958,19851,64154.63219,62269,14476.88428,NA,NA,NA,NA,NA,0.0363923777369586,31.8794263598259,NA,NA,443.15221,NA,NA,13968.53604,NA
"Sweden",1959,21772,68158.63476,66245,15157.36521,NA,NA,NA,NA,NA,0.0470046535455211,32.8658766699374,NA,NA,449.67337,NA,NA,14476.88428,NA
"Sweden",1960,22770,74380.14119,72161,16009.65717,NA,NA,NA,NA,NA,0.0562295589102586,31.5544407644018,NA,NA,464.59547,NA,NA,15157.36521,NA
"Sweden",1961,22412,81244.04593,78522,16824.79189,NA,NA,NA,NA,NA,0.0509151889602892,28.5423193499911,NA,NA,482.88292,NA,NA,16009.65717,NA
"Sweden",1962,21325,88318.72557,85196,17842.28049,NA,NA,NA,NA,NA,0.0604755533769636,25.0305178646885,NA,NA,494.99685,NA,NA,16824.79189,NA
"Sweden",1963,21518,95275.75471,91007,18782.69835,NA,NA,NA,NA,NA,0.0527072680270366,23.6443350511499,NA,NA,507.25275,NA,NA,17842.28049,NA
"Sweden",1964,21769,106808.69601,101508,20291.0229,NA,NA,NA,NA,NA,0.080303933007581,21.4456003467707,NA,NA,526.38399,NA,NA,18782.69835,NA
"Sweden",1965,21512,118166.84856,111664,21327.89375,NA,NA,NA,NA,NA,0.0510999792918276,19.2649376701533,NA,NA,554.04837,NA,NA,20291.0229,NA
"Sweden",1966,23206,128089.94516,121617,22260.97576,NA,NA,NA,NA,NA,0.0437493744547561,19.0812139750199,NA,NA,575.40131,NA,NA,21327.89375,NA
"Sweden",1967,25778,138751.50428,132066,22975.22754,NA,NA,NA,NA,NA,0.0320853761174034,19.5190283646056,NA,NA,603.91787,NA,NA,22260.97576,NA
"Sweden",1968,29416,147474.63667,140024,23987.47894,NA,NA,NA,NA,NA,0.0440583841112201,21.0078272296178,NA,NA,614.7984,NA,NA,22975.22754,NA
"Sweden",1969,39943,159867.69551,152127,25335.40588,NA,NA,NA,NA,NA,0.0561929389650149,26.256351600965,NA,NA,631.00507,NA,NA,23987.47894,NA
"Sweden",1970,36155,178080.43029,172226,26751.68135,NA,NA,NA,NA,NA,0.0559010373351871,20.9927653199865,NA,NA,665.67939,NA,NA,25335.40588,NA
"Sweden",1971,38786,192559.01306,186215,26832.26226,NA,NA,NA,NA,NA,0.00301218113903712,20.8286120881776,NA,NA,717.63987,NA,NA,26751.68135,NA
"Sweden",1972,45136,209127.10851,203758,27718.30753,NA,NA,NA,NA,NA,0.0330216387054647,22.1517682741291,NA,NA,754.47286,NA,NA,26832.26226,NA
"Sweden",1973,51287,232717.58375,226744,28813.37022,NA,NA,NA,NA,NA,0.0395068381723811,22.61890061038,NA,NA,807.67221,NA,NA,27718.30753,NA
"Sweden",1974,62014,269677.86414,256127,29456.18097,NA,NA,NA,NA,NA,0.0223094606806464,24.2122072253218,NA,NA,915.52216,NA,NA,28813.37022,NA
"Sweden",1975,73467,313884.16744,300785,30071.5416,NA,NA,NA,NA,NA,0.0208907132471354,24.4250876872184,NA,NA,1043.79141,NA,NA,29456.18097,NA
"Sweden",1976,80411,351787.25301,340197,30206.08279,NA,NA,NA,NA,NA,0.00447403700780002,23.636598794228,NA,NA,1164.62388,NA,NA,30071.5416,NA
"Sweden",1977,97981,379488.00344,370016,29776.83351,NA,NA,NA,NA,NA,-0.0142106900449239,26.4802062613509,NA,NA,1274.44042,NA,NA,30206.08279,NA
"Sweden",1978,131175,422738.64653,412450,30436.79216,NA,NA,NA,NA,NA,0.0221634933001982,31.8038550127288,NA,NA,1388.9067,NA,NA,29776.83351,NA
"Sweden",1979,175145,475177.19512,462307,31640.92932,NA,NA,NA,NA,NA,0.0395618944884235,37.88499849667,NA,NA,1501.78015,NA,NA,30436.79216,NA
"Sweden",1980,229588,536997.68482,548581,32463.25966,1485844,NA,NA,NA,NA,0.025989449667656,41.8512489495626,NA,NA,1654.17056,36.9205,NA,31640.92932,NA
"Sweden",1981,295590,587727.87878,599426,32682.93038,1482839,NA,NA,NA,NA,-0.00202241958105964,49.3121753143841,NA,NA,1798.27167,40.42421,NA,32463.25966,1485844
"Sweden",1982,377089,646011.05501,656083,32928.99835,1500531,NA,NA,NA,NA,0.0119311671732401,57.4758071768359,NA,NA,1961.83026,43.72339,NA,32682.93038,1482839
"Sweden",1983,460196,723993.30788,736242,33808.26261,1527687,NA,NA,NA,NA,0.0180975934519181,62.5060781645166,NA,NA,2141.46854,48.19325,NA,32928.99835,1500531
"Sweden",1984,534622,811918.77862,826116,35324.79692,1592939,NA,NA,NA,NA,0.0427129379251117,64.7151247524561,NA,NA,2298.43863,51.86112,NA,33808.26261,1527687
"Sweden",1985,595695,880160.63913,899754,36184.2299,1627819,NA,NA,NA,NA,0.0218966325766399,66.206429757467,NA,NA,2432.44265,55.27359,NA,35324.79692,1592939
"Sweden",1986,630784,968116.05535,985263,36778.93922,1674392,NA,NA,NA,NA,0.0286106747740382,64.0218906017987,NA,NA,2632.2566,58.84303,NA,36184.2299,1627819
"Sweden",1987,622272,1046059.13007,1068070,37908.04793,1732278,NA,NA,NA,NA,0.0345713548559716,58.2613499115227,NA,NA,2759.46451,61.65696,NA,36778.93922,1674392
"Sweden",1988,609940,1141965.15542,1165480,38688.63372,1778468,NA,NA,NA,NA,0.0266643113865095,52.3338023818513,NA,NA,2951.68127,65.53281,NA,37908.04793,1732278
"Sweden",1989,600047,1262059.79518,1293300,39590.38243,1827894,NA,NA,NA,NA,0.0277913350141807,46.396582386144,NA,NA,3187.7939,70.75356,NA,38688.63372,1778468
"Sweden",1990,618570,1380287.3175,1421420,40524.20967,1846361,NA,NA,NA,NA,0.0101028834275949,43.517749855778,NA,NA,3406.08078,76.98494,NA,39590.38243,1827894
"Sweden",1991,692958,1463641.50774,1532490,40386.65426,1825658,NA,NA,NA,NA,-0.0112128668229019,45.2177828240315,NA,NA,3624.0722,83.94179,NA,40524.20967,1846361
"Sweden",1992,880802,1473313.39364,1529380,39614.16926,1803686,NA,NA,NA,NA,-0.0120351128195971,57.5920961435353,NA,NA,3719.15762,84.79192,NA,40386.65426,1825658
"Sweden",1993,1132268,1487793.57505,1573380,38800.59741,1766570,NA,NA,NA,NA,-0.020577861113298,71.9640519137144,NA,NA,3834.46048,89.06412,NA,39614.16926,1803686
"Sweden",1994,1286596,1582615.22632,1679180,39913.95481,1836294,NA,NA,NA,NA,0.0394685746955965,76.6204933360331,NA,NA,3965.06744,91.44396,NA,38800.59741,1766570
"Sweden",1995,1386165,1713481.67432,1809760,41153.40089,1909251,NA,NA,NA,NA,0.0397305660204739,76.5938577490938,NA,NA,4163.64538,94.789,NA,39913.95481,1836294
"Sweden",1996,1411193,1755796.94254,1852090,41671.70173,1937136,NA,NA,NA,NA,0.0146052038207654,76.1946233714344,NA,NA,4213.40351,95.6097,NA,41153.40089,1909251
"Sweden",1997,1432076,1826813.76452,1927000,42775.2017,1984795,NA,NA,NA,NA,0.0246028157031823,74.3163466528282,NA,NA,4270.73092,97.08811,NA,41671.70173,1937136
"Sweden",1998,1448859,1899317.58681,2012090,44334.55556,2060494,NA,NA,NA,NA,0.0381394552082206,72.0076636730961,NA,NA,4284.0569,97.65085,NA,42775.2017,1984795
"Sweden",1999,1374179,1988329.29678,2123970,46328.09241,2155182,NA,NA,NA,NA,0.0459540284999616,64.6986068541458,NA,NA,4291.84366,98.55177,NA,44334.55556,2060494
"Sweden",2000,1279205,2105179.93871,2249990,48302.71656,2249987,NA,NA,NA,NA,0.0439893243354854,56.8538082391477,NA,NA,4358.30547,100.00013,NA,46328.09241,2155182
"Sweden",2001,1156827,NA,2326180,NA,2273786,NA,NA,NA,NA,0.0105773944471679,49.7307603022982,NA,NA,NA,102.30426,NA,48302.71656,2249987
"Sweden",2002,1160329,NA,2420760,NA,2328614,NA,NA,NA,NA,0.0241130871594777,47.9324261802079,NA,NA,NA,103.95712,NA,NA,2273786
"Sweden",2003,1228740.5,NA,2515150,NA,2373151,NA,NA,NA,NA,0.0191259693534438,48.8535673816671,NA,NA,NA,105.98356,NA,NA,2328614
"Sweden",2004,1257326,NA,2624960,NA,2471092,NA,NA,NA,NA,0.0412704459176849,47.8988632207729,NA,NA,NA,106.22672,NA,NA,2373151
"Sweden",2005,1308572,NA,2735220,NA,2552597,NA,NA,NA,NA,0.0329833935766051,47.8415630186969,NA,NA,NA,107.1544,NA,NA,2471092
"Sweden",2006,1269957,NA,2900790,NA,2660992,NA,NA,NA,NA,0.0424645958606078,43.7796944970163,NA,NA,NA,109.0116,NA,NA,2552597
"Sweden",2007,1167998,NA,3063870,NA,2729106,NA,NA,NA,NA,0.0255972208860455,38.1216565977016,NA,NA,NA,112.26643,NA,NA,2660992
"Sweden",2008,1118877,NA,3156880,NA,2724874,NA,NA,NA,NA,-0.00155069095887073,35.442493854692,NA,NA,NA,115.85416,NA,NA,2729106
"Sweden",2009,1088724.87227,NA,3089170,NA,2593323,NA,NA,NA,NA,-0.0482778286262043,35.2432812784664,NA,NA,NA,119.12014,NA,NA,2724874
